id,category_id,key,title,unit,national_value,color,context,analysis,is_trend,is_rate,is_tfr,display_order,created_at,updated_at
a89d163b-4802-42c4-841d-37e2d021d337,8aeacb7a-b21c-43e1-9cc3-ea2364d1b7b6,mh_trends,Trends in Maternal Care,%,,#0f172a,Source: Report Page 26.,"Positive trends are observed across all maternal health indicators. Skilled Birth Attendance improved significantly from 43% in 2018 to 52.4% in 2024, reflecting improved access to obstetric care.",t,f,f,1,2025-11-27 13:17:23.444477,2025-11-27 13:40:45.08277
22f8b62a-bd5c-4cdb-bc9f-d54edd859d69,8aeacb7a-b21c-43e1-9cc3-ea2364d1b7b6,anc,Antenatal Care (4+),%,62.50,#7e22ce,Source: Page 24.,"The <b>South West (88.9%)</b> and <b>South East (86.4%)</b> maintain high ANC coverage. However, the <b>North West (30.1%)</b> indicates that 70% of women in this zone do not receive the recommended number of antenatal visits.",f,f,f,2,2025-11-27 13:17:23.444477,2025-11-27 13:40:45.08277
d010a60a-ad51-42b4-b8f3-77afb9511b46,8aeacb7a-b21c-43e1-9cc3-ea2364d1b7b6,fac_del,Institutional Delivery,%,48.20,#9333ea,Source: Page 24.,"A sharp disparity exists: 90% of births in the <b>South West</b> occur in facilities, compared to only 20% in the <b>North West</b>. This correlates strongly with maternal mortality risks.",f,f,f,3,2025-11-27 13:17:23.444477,2025-11-27 13:40:45.08277
17204447-c7c9-441f-9ec1-7ce16ebdbabc,8aeacb7a-b21c-43e1-9cc3-ea2364d1b7b6,sba,Skilled Birth Attendance,%,52.40,#c026d3,Source: Page 24.,Skilled assistance at delivery is highest in the <b>South West (92.3%)</b>. The low rate in the <b>North West (24.8%)</b> highlights a critical need for more skilled health workers in northern rural communities.,f,f,f,4,2025-11-27 13:17:23.444477,2025-11-27 13:40:45.08277
a892cd2b-1e19-49aa-99f1-53648358bd2a,4ab6b32d-2727-4e47-ac45-fef8ff8db89d,difficulty_walking_or_climbing_steps,Difficulty walking or climbing steps,%,4.10,#8b5cf6,Percentage of population age 5+ with difficulty walking or climbing steps,"Nationally, 4.1% of the population age 5 + have some level of difficulty walking or climbing steps. The prevalence is generally higher in the North Central and North East zones compared to the Southern zones.",f,f,f,5,2025-12-07 16:20:51.104707,2025-12-14 10:57:38.38249
ecd06c7d-2b02-4e34-b96d-5d473968d6ad,5701bab7-fdc4-4e2c-8186-182f786a8f92,men_financial_inclusion,Men Financial Inclusion,%,57.00,#06b6d4,Percentage of men who use bank accounts or mobile money,"Nationally, 57% of men who use bank accounts or mobile money. There are significant regional disparities, generally with higher rates in the South compared to the North.",f,f,f,7,2025-12-07 16:20:51.104707,2025-12-14 10:57:38.38249
a5897198-970f-447d-a64f-cde717a641e1,5701bab7-fdc4-4e2c-8186-182f786a8f92,women_decision_making,Women Participate in Household Decisions,%,36.00,#f59e0b,Percentage of married women who participate in all three household decisions,"Nationally, 36% of married women who participate in all three household decisions. There are significant regional disparities, generally with higher rates in the South compared to the North.",f,f,f,8,2025-12-07 16:20:51.104707,2025-12-14 10:57:38.38249
21ac59c8-b862-42c8-80a7-a36dd2a7675a,a4d8aa4f-774f-469a-b149-5d58f19834d7,basic_drinking_water,Access to Basic Drinking Water,%,70.50,#06b6d4,Percentage of population with at least basic drinking water service,"At the national level, 70.5% of the population has with at least basic drinking water service. Access levels are generally better in urban areas and Southern zones compared to rural areas and Northern zones.",f,f,f,1,2025-12-07 16:20:51.104707,2025-12-14 10:57:38.38249
7d693fb7-e130-436a-8552-7a7f06266379,1680c7c7-ddaa-4a20-9511-08200c32b5ed,teen_preg,Teenage Pregnancy,%,14.80,#db2777,"Source: Table 5, Page 14. Percentage of women age 15-19 who have ever been pregnant.","Nationally, <b>15% of teenage women</b> have ever been pregnant. The rate is highest in the <b>North West (22.5%)</b> and lowest in the <b>South East (5.2%)</b>. State variations are significant, ranging from <b>2.6% in Edo</b> to <b>31.6% in Kebbi</b>.",f,f,f,4,2025-11-27 13:40:45.771787,2025-11-27 14:49:18.721751
3fae818b-d2e5-4648-bf3c-851f0f3aecb6,a4d8aa4f-774f-469a-b149-5d58f19834d7,improved_water_source,Improved Water Source,%,75.60,#3b82f6,Percentage of population using an improved drinking water source,"At the national level, 75.6% of the population has using an improved drinking water source. Access levels are generally better in urban areas and Southern zones compared to rural areas and Northern zones.",f,f,f,2,2025-12-07 16:20:51.104707,2025-12-14 10:57:38.38249
8be3e11c-b6d3-4c1e-8303-0e1feec5f1d1,a4d8aa4f-774f-469a-b149-5d58f19834d7,water_on_premises,Water Available on Premises,%,37.60,#0ea5e9,Percentage of households with water available on premises,"At the national level, 37.6% of the population has percentage of households with water available on premises. Access levels are generally better in urban areas and Southern zones compared to rural areas and Northern zones.",f,f,f,3,2025-12-07 16:20:51.104707,2025-12-14 10:57:38.38249
eedac836-1be3-4c67-9a9b-9254891ecfda,a4d8aa4f-774f-469a-b149-5d58f19834d7,basic_sanitation,Access to Basic Sanitation,%,49.10,#8b5cf6,Percentage of population with at least basic sanitation service,"At the national level, 49.1% of the population has with at least basic sanitation service. Access levels are generally better in urban areas and Southern zones compared to rural areas and Northern zones.",f,f,f,4,2025-12-07 16:20:51.104707,2025-12-14 10:57:38.38249
ee4d7626-e541-4955-84fe-5cbb3bd1cdb2,1680c7c7-ddaa-4a20-9511-08200c32b5ed,tfr,Total Fertility Rate,children per woman,4.80,#ea580c,"Source: Table 3, Page 11. The average number of children a woman would have by the end of her childbearing years.","The <b>TFR is 4.8 children per woman</b> nationally. <b>Rural areas (5.6)</b> have significantly higher fertility than <b>urban areas (3.9)</b>. The <b>North East zone (6.1)</b> has the highest TFR, while the <b>South West (3.4)</b> has the lowest.",f,f,t,1,2025-11-27 13:17:24.375078,2025-11-27 14:49:18.721751
746c9911-0079-4ccc-9887-2a3a92b67ded,1680c7c7-ddaa-4a20-9511-08200c32b5ed,age_first_birth,Median Age at First Birth,years,21.30,#10b981,"Source: Table 6, Page 16. Age by which half of women have had their first child.","The national median age at first birth is <b>21.3 years</b>. Urban women tend to have their first child later (22.9 years) than rural women (20.6 years), reflecting differences in education and economic opportunities.",t,f,f,5,2025-11-27 14:49:18.721751,2025-11-27 14:49:18.721751
d58480b7-b928-4514-a3bb-e057433cc968,1680c7c7-ddaa-4a20-9511-08200c32b5ed,fertility_pref,Desire for Children,%,,#8b5cf6,"Source: Table 7, Page 16. Fertility preferences among currently married women age 15-49.","<b>28% of married women</b> want another child soon (within 2 years), while <b>33%</b> want another child later. <b>27% want no more children</b>, indicating a significant unmet need for family planning services.",t,f,f,6,2025-11-27 14:49:18.721751,2025-11-27 14:49:18.721751
631a4c70-a83e-4b55-a8c2-5c686616631e,1680c7c7-ddaa-4a20-9511-08200c32b5ed,tfr_trends,Trends in Fertility,children per woman,,#0284c7,"Source: Figure 1, Page 12. Change in TFR over time.","The TFR has declined from <b>6.3 in 1990</b> to <b>4.8 in 2023-24</b>. Rural areas consistently show higher fertility than urban areas, though both have declined over time.",t,f,t,2,2025-11-27 13:17:24.375078,2025-11-27 14:49:18.721751
24825f3f-211d-4cf5-a2ea-23c5d4768cdd,1680c7c7-ddaa-4a20-9511-08200c32b5ed,asfr,Age-Specific Fertility Rates,"births per 1,000 women",,#7c3aed,"Source: Table 3, Page 11. Births per 1,000 women by age group.","Fertility is low among adolescents (77 births per 1,000 women age 15-19), peaks at 233 births per 1,000 among women age 25-29, and then decreases thereafter. Rural areas show consistently higher fertility rates across all age groups compared to urban areas.",t,t,f,3,2025-11-27 13:17:24.375078,2025-11-27 14:49:18.721751
45234612-2727-49f1-84c9-88a39eaaeee1,4ab6b32d-2727-4e47-ac45-fef8ff8db89d,difficulty_seeing,Difficulty seeing,%,6.80,#8b5cf6,Percentage of population age 5+ with difficulty seeing,"Nationally, 6.8% of the population age 5 + have some level of difficulty seeing. The prevalence is generally higher in the North Central and North East zones compared to the Southern zones.",f,f,f,1,2025-12-07 16:20:51.104707,2025-12-14 10:57:38.38249
1feede7b-ae76-4046-85b9-53d715f62221,4ab6b32d-2727-4e47-ac45-fef8ff8db89d,difficulty_hearing,Difficulty hearing,%,1.80,#8b5cf6,Percentage of population age 5+ with difficulty hearing,"Nationally, 1.8% of the population age 5 + have some level of difficulty hearing. The prevalence is generally higher in the North Central and North East zones compared to the Southern zones.",f,f,f,2,2025-12-07 16:20:51.104707,2025-12-14 10:57:38.38249
c2c7fda3-ff7e-4451-816b-152e52c5fe55,4ab6b32d-2727-4e47-ac45-fef8ff8db89d,difficulty_communicating,Difficulty communicating,%,1.20,#8b5cf6,Percentage of population age 5+ with difficulty communicating,"Nationally, 1.2% of the population age 5 + have some level of difficulty communicating. The prevalence is generally higher in the North Central and North East zones compared to the Southern zones.",f,f,f,3,2025-12-07 16:20:51.104707,2025-12-14 10:57:38.38249
4cc4df8f-91b4-47ed-9fde-eb6031d76a93,4ab6b32d-2727-4e47-ac45-fef8ff8db89d,difficulty_remembering_or_concentrating,Difficulty remembering or concentrating,%,2.10,#8b5cf6,Percentage of population age 5+ with difficulty remembering or concentrating,"Nationally, 2.1% of the population age 5 + have some level of difficulty remembering or concentrating. The prevalence is generally higher in the North Central and North East zones compared to the Southern zones.",f,f,f,4,2025-12-07 16:20:51.104707,2025-12-14 10:57:38.38249
6c8ba476-beb8-43ea-a40a-5b94fa3114b5,89c6aa14-b6b7-4ca2-9f10-b91ca4bbba68,nmr,Neonatal Mortality Rate,"per 1,000 live births",41.00,#ef4444,"","Neonatal mortality is 41 deaths per 1,000 live births nationally.",f,t,f,1,2025-11-28 16:33:05.089479,2025-11-28 16:33:05.089479
80422a60-bfe2-4cbc-b7ae-de9451d9c5d1,89c6aa14-b6b7-4ca2-9f10-b91ca4bbba68,imr,Infant Mortality Rate,"per 1,000 live births",63.00,#f59e0b,"","Infant mortality is 63 deaths per 1,000 live births nationally.",f,t,f,2,2025-11-28 16:33:05.089479,2025-11-28 16:33:05.089479
775a90d6-3e0a-49d0-b024-255621c5bbd2,5edf5532-b607-461c-b647-3e483faa7249,full_vax,Full Vaccination Coverage,%,39.00,#10b981,Percentage of children 12-23 months fully vaccinated (basic antigens).,"Coverage improved to 39%, but large disparities remain.",f,f,f,1,2025-11-28 16:23:59.291482,2025-11-28 16:35:36.614472
e9ddd6bc-792d-43b9-be0f-a8b7d56ce35a,89c6aa14-b6b7-4ca2-9f10-b91ca4bbba68,u5mr,Under-5 Mortality Rate,"per 1,000 live births",110.00,#dc2626,Probability of dying between birth and fifth birthday.,U5MR is 110 nationally; North West is highest.,f,t,f,1,2025-11-28 16:23:59.291482,2025-11-28 16:35:36.614472
80a03984-a8bb-45cf-bddf-8fe1bcc481a6,50cd9f6e-66ed-4f40-a3d3-473d91da7417,cpr,Contraceptive Prevalence Rate,%,20.30,#2563eb,Percentage of currently married women using contraception.,CPR is 20% nationally; South West is highest.,f,f,f,1,2025-11-28 16:23:59.291482,2025-11-28 16:35:36.614472
4ff9637f-5c4d-412e-9295-22a1ba94d80b,50cd9f6e-66ed-4f40-a3d3-473d91da7417,modern_cpr,Modern Contraceptive Use,%,15.30,#3b82f6,Percentage using modern contraceptive methods.,"<b>15%</b> use modern methods; implants, injectables, and pills are most common.",f,f,f,2,2025-11-28 16:35:36.614472,2025-11-28 16:35:36.614472
6ece8328-7bbc-4fd0-ac4b-1b0a03915027,5edf5532-b607-461c-b647-3e483faa7249,no_vax,No Vaccinations,%,31.00,#ef4444,Percentage of children 12-23 months with no vaccinations.,31% of children received no vaccinations; targeted outreach needed.,f,f,f,2,2025-11-28 16:35:36.614472,2025-11-28 16:35:36.614472
b2dfdd9e-7f18-4685-925d-c6f8a5e73579,8aeacb7a-b21c-43e1-9cc3-ea2364d1b7b6,anc_skilled,ANC from Skilled Provider,%,63.00,#7c3aed,Percentage of women who received antenatal care from a skilled provider.,<b>63% of women</b> received ANC from skilled provider.,f,f,f,5,2025-11-28 16:44:39.250641,2025-11-28 16:44:39.250641
ae45f72c-324b-4775-beea-4f8dad953f19,8aeacb7a-b21c-43e1-9cc3-ea2364d1b7b6,tetanus,Tetanus Toxoid Protection,%,58.00,#a855f7,Protection against neonatal tetanus through maternal tetanus toxoid vaccination.,<b>58% of women</b> received sufficient tetanus toxoid doses.,f,f,f,6,2025-11-28 16:44:39.250641,2025-11-28 16:44:39.250641
5353f021-93ae-4088-83e5-4a399387c3b4,c06af958-770d-4a42-af78-b9ac34b7a5b5,stunting,Stunted Children,%,40.00,#3b82f6,Source: DHS 2024,40% of children are stunted,f,f,f,1,2025-11-30 19:44:23.766653,2025-11-30 19:44:23.766653
2e944b1f-b007-4dad-9b27-9a5db689361a,c06af958-770d-4a42-af78-b9ac34b7a5b5,wasting,Wasted Children,%,8.00,#3b82f6,Source: DHS 2024,8% of children are wasted,f,f,f,2,2025-11-30 19:44:23.808821,2025-11-30 19:44:23.808821
48a93c16-59e7-4ffd-a9fc-0ca2a61e6551,c06af958-770d-4a42-af78-b9ac34b7a5b5,child_anaemia,Children with Anaemia,%,58.00,#3b82f6,Source: DHS 2024,58% of children have anaemia,f,f,f,3,2025-11-30 19:44:23.814073,2025-11-30 19:44:23.814073
0c3337fe-6d8d-428f-893a-e3e4de00db5a,1b52b297-5ca6-4f67-bc61-5f612afec830,itn_ownership,Households with ITN,%,42.00,#3b82f6,Source: DHS 2024,42% of households own an ITN,f,f,f,1,2025-11-30 19:44:23.820964,2025-11-30 19:44:23.820964
23217365-e420-4e43-b0b4-3d64bd06fbc4,1b52b297-5ca6-4f67-bc61-5f612afec830,child_itn_use,Children Sleeping Under ITN,%,25.00,#3b82f6,Source: DHS 2024,25% of children slept under ITN,f,f,f,2,2025-11-30 19:44:23.826724,2025-11-30 19:44:23.826724
0957ac64-1126-40af-8a4f-beda3668120d,963db290-de46-4cf8-b176-4c3796e0b9cd,women_hiv_tested,Women Ever Tested for HIV,%,62.00,#3b82f6,Source: DHS 2024,62% of women tested,f,f,f,1,2025-11-30 19:44:23.832706,2025-11-30 19:44:23.832706
a28e91d0-77fb-4baf-ba29-c839f35b71ff,963db290-de46-4cf8-b176-4c3796e0b9cd,men_hiv_tested,Men Ever Tested for HIV,%,48.00,#3b82f6,Source: DHS 2024,48% of men tested,f,f,f,2,2025-11-30 19:44:23.838373,2025-11-30 19:44:23.838373
668b1803-738e-47ae-b5d4-d1a729f4b017,fe88a151-67cd-4cda-abc9-9a96492562c2,physical_violence,Experience of Physical Violence,%,19.00,#ef4444,Source: DHS 2024,19% of women have experienced physical violence since age 15,f,f,f,1,2025-12-01 11:32:48.000736,2025-12-01 11:32:48.000736
41a2e30d-2727-434e-acca-d521969ed79b,e49e7bc5-7cdc-4c5a-b48c-8c09816b9ca2,covid_vaccination,COVID-19 Vaccination (18+),%,29.00,#ef4444,Source: DHS 2024,29% of adults have received COVID-19 vaccine,f,f,f,1,2025-12-01 11:32:48.026044,2025-12-01 11:32:48.026044
637e98b4-b10b-4d4c-a178-71ecb1afe945,e49e7bc5-7cdc-4c5a-b48c-8c09816b9ca2,hepb_anc_testing,Hepatitis B Testing during ANC,%,16.00,#ef4444,Source: DHS 2024,16% of women tested for Hep B during ANC,f,f,f,2,2025-12-01 11:32:48.035122,2025-12-01 11:32:48.035122
35139c98-a198-4b0c-bf1c-a1159264d101,9e3975d2-0633-41b1-9629-4a2f2435ff8b,smoking_prevalence,Daily Smoking Prevalence,%,5.60,#06b6d4,Percentage of population who smoke daily,Smoking prevalence is generally low but higher among men.,f,f,f,3,2025-12-07 16:54:01.393343,2025-12-14 11:09:56.074195
6c000f8e-15a6-4fa4-bce8-9783829ef209,9e3975d2-0633-41b1-9629-4a2f2435ff8b,electricity_access,Access to Electricity,%,55.20,#06b6d4,Percentage of households with access to electricity,Access to electricity remains a challenge in many rural and northern communities.,f,f,f,1,2025-12-07 16:54:01.393343,2025-12-14 11:09:56.073189
15e0c9cb-1b6e-4a99-abd3-e58be9d1b715,9e3975d2-0633-41b1-9629-4a2f2435ff8b,clean_cooking_fuel,Clean Cooking Fuel,%,23.40,#06b6d4,Percentage of population using clean fuels and technologies for cooking,"Clean cooking fuel usage is low, with significant reliance on biomass.",f,f,f,2,2025-12-07 16:54:01.393343,2025-12-14 11:09:56.073712
23b816db-d649-4a77-ba95-37ab6f15841c,2615c0f5-b0a0-41fe-8d40-d3200cb09990,anc_4plus,4+ Antenatal Care Visits,%,57.00,#7c3aed,Check Table on ANC coverage,,f,f,f,1,2025-12-07 16:39:54.869744,2025-12-07 16:39:54.869744
47bf8e6d-fa50-4d73-b10d-9348fac505d6,2615c0f5-b0a0-41fe-8d40-d3200cb09990,delivery_facility,Delivery in Health Facility,%,39.00,#7c3aed,Check Table on place of delivery,,f,f,f,2,2025-12-07 16:39:54.869744,2025-12-07 16:39:54.869744
08c66434-7463-44e2-81f6-46615668655d,2615c0f5-b0a0-41fe-8d40-d3200cb09990,skilled_birth_attendant,Skilled Birth Attendant,%,39.00,#7c3aed,Check Table on assistance at delivery,,f,f,f,3,2025-12-07 16:39:54.869744,2025-12-07 16:39:54.869744
154abf11-418d-4259-862d-407489fb93d8,2615c0f5-b0a0-41fe-8d40-d3200cb09990,csection_rate,C-Section Rate,%,2.00,#7c3aed,Check Table on delivery methods,,f,f,f,4,2025-12-07 16:39:54.869744,2025-12-07 16:39:54.869744
83b59fd9-3c54-42d5-823e-cfad13aa313c,2a09b531-2029-4a0b-8ff0-00164551abcc,tfr,Total Fertility Rate,children per woman,5.30,#ec4899,Key Indicators table or Fertility chapter,,f,f,f,1,2025-12-07 16:39:54.869744,2025-12-07 16:39:54.869744
6afc253b-f00d-4d24-83d0-67d6224a177f,249bcc55-a760-4a92-a4da-a0674956e922,nmr,Neonatal Mortality Rate,"per 1,000 live births",39.00,#ef4444,Mortality chapter - usually Table 8.1 or similar,,f,f,f,1,2025-12-07 16:39:54.869744,2025-12-07 16:39:54.869744
4d6bec05-1d8b-421b-9311-26ea6e300310,249bcc55-a760-4a92-a4da-a0674956e922,imr,Infant Mortality Rate,"per 1,000 live births",67.00,#ef4444,Mortality chapter,,f,f,f,2,2025-12-07 16:39:54.869744,2025-12-07 16:39:54.869744
9fdf7f70-7d59-49cf-8791-bf8ca10ff17e,249bcc55-a760-4a92-a4da-a0674956e922,u5mr,Under-5 Mortality Rate,"per 1,000 live births",132.00,#ef4444,Mortality chapter,,f,f,f,3,2025-12-07 16:39:54.869744,2025-12-07 16:39:54.869744
17b8f954-2651-406a-9c0b-b8e7a5e02c72,3305dc51-bf22-4543-b8fe-e5c0a5b73db6,bcg,BCG Vaccination,%,74.00,#10b981,Vaccination chapter,,f,f,f,1,2025-12-07 16:39:54.869744,2025-12-07 16:39:54.869744
96ced675-552d-4409-9e7d-149e80dbc08e,3305dc51-bf22-4543-b8fe-e5c0a5b73db6,dpt3,DPT3 Vaccination,%,57.00,#10b981,Vaccination chapter,,f,f,f,2,2025-12-07 16:39:54.869744,2025-12-07 16:39:54.869744
e4a14902-4960-40ea-92f2-956dd63db9b2,3305dc51-bf22-4543-b8fe-e5c0a5b73db6,polio3,Polio3 Vaccination,%,57.00,#10b981,Vaccination chapter,,f,f,f,3,2025-12-07 16:39:54.869744,2025-12-07 16:39:54.869744
f340c01f-9e77-428a-a1e6-8decea224d2a,3305dc51-bf22-4543-b8fe-e5c0a5b73db6,measles,Measles Vaccination,%,54.00,#10b981,Vaccination chapter,,f,f,f,4,2025-12-07 16:39:54.869744,2025-12-07 16:39:54.869744
d990ee2f-b4cb-4a3c-a31c-1515f072101f,3305dc51-bf22-4543-b8fe-e5c0a5b73db6,all_basic,All Basic Vaccinations,%,31.00,#10b981,Vaccination chapter,,f,f,f,5,2025-12-07 16:39:54.869744,2025-12-07 16:39:54.869744
e3a9855a-09ea-47ab-beba-ac587375bcdd,d742ffcd-6f9f-492b-b8d9-1f5b52691d3f,stunting,Stunting (Height-for-age),%,37.00,#f59e0b,Nutrition chapter,,f,f,f,1,2025-12-07 16:39:54.869744,2025-12-07 16:39:54.869744
2779dbf7-5a13-4ad8-bffb-e0d188d6f053,d742ffcd-6f9f-492b-b8d9-1f5b52691d3f,wasting,Wasting (Weight-for-height),%,7.00,#f59e0b,Nutrition chapter,,f,f,f,2,2025-12-07 16:39:54.869744,2025-12-07 16:39:54.869744
194bf9cc-df54-4c04-bc49-eed46d30b5a4,d742ffcd-6f9f-492b-b8d9-1f5b52691d3f,underweight,Underweight (Weight-for-age),%,22.00,#f59e0b,Nutrition chapter,,f,f,f,3,2025-12-07 16:39:54.869744,2025-12-07 16:39:54.869744
48eb4e89-6f90-44fa-acff-52ed71f54bd1,d742ffcd-6f9f-492b-b8d9-1f5b52691d3f,overweight,Overweight,%,2.00,#f59e0b,Nutrition chapter,,f,f,f,4,2025-12-07 16:39:54.869744,2025-12-07 16:39:54.869744
213552e2-637b-48ea-950a-9b40cdfc73fb,1484fcaf-246d-4c52-ac19-5ebb0c9a5875,modern_contraceptive,Modern Contraceptive Use,%,12.00,#8b5cf6,Family Planning chapter,,f,f,f,1,2025-12-07 16:39:54.869744,2025-12-07 16:39:54.869744
7c0a07e3-3844-460c-80b4-ed3aab542b62,1484fcaf-246d-4c52-ac19-5ebb0c9a5875,any_contraceptive,Any Contraceptive Use,%,17.00,#8b5cf6,Family Planning chapter,,f,f,f,2,2025-12-07 16:39:54.869744,2025-12-07 16:39:54.869744
62399ea3-36f9-4456-9f97-f863fede9773,1484fcaf-246d-4c52-ac19-5ebb0c9a5875,unmet_need,Unmet Need for Family Planning,%,19.00,#8b5cf6,Family Planning chapter,,f,f,f,3,2025-12-07 16:39:54.869744,2025-12-07 16:39:54.869744
c7e2c0c0-76d8-481d-b3d8-2e80571fb007,90458d58-634b-4624-be63-6ba01e9fcc41,hiv_prevalence_women,HIV Prevalence - Women,%,1.90,#dc2626,HIV chapter,,f,f,f,1,2025-12-07 16:39:54.869744,2025-12-07 16:39:54.869744
7f705f24-8482-48a8-ab37-6b7d1e928860,90458d58-634b-4624-be63-6ba01e9fcc41,hiv_prevalence_men,HIV Prevalence - Men,%,0.90,#dc2626,HIV chapter,,f,f,f,2,2025-12-07 16:39:54.869744,2025-12-07 16:39:54.869744
932a0e4a-9b0f-4b62-bb51-e17937d7dfa8,90458d58-634b-4624-be63-6ba01e9fcc41,comprehensive_knowledge_women,Comprehensive HIV Knowledge - Women,%,33.00,#dc2626,HIV chapter,,f,f,f,3,2025-12-07 16:39:54.869744,2025-12-07 16:39:54.869744
031ba9a9-da57-4243-aa4f-8144f65f2752,90458d58-634b-4624-be63-6ba01e9fcc41,comprehensive_knowledge_men,Comprehensive HIV Knowledge - Men,%,38.00,#dc2626,HIV chapter,,f,f,f,4,2025-12-07 16:39:54.869744,2025-12-07 16:39:54.869744
5f6fd30d-cccf-44d1-9051-ee16db811919,ab972cdc-0a4e-4099-a77b-cb92ca64cccf,itn_ownership,ITN Ownership,%,61.00,#f97316,Malaria chapter,,f,f,f,1,2025-12-07 16:39:54.869744,2025-12-07 16:39:54.869744
022e80b1-0aea-49f8-9c37-912b76f42e20,ab972cdc-0a4e-4099-a77b-cb92ca64cccf,itn_use_children,ITN Use - Children Under 5,%,35.00,#f97316,Malaria chapter,,f,f,f,2,2025-12-07 16:39:54.869744,2025-12-07 16:39:54.869744
7bbfc00f-195d-41b6-bd2d-ce59c8e733a1,ab972cdc-0a4e-4099-a77b-cb92ca64cccf,itn_use_pregnant,ITN Use - Pregnant Women,%,35.00,#f97316,Malaria chapter,,f,f,f,3,2025-12-07 16:39:54.869744,2025-12-07 16:39:54.869744
fd978dde-5418-4b04-8b3b-f5da7674dff8,7ca212df-7e91-4229-8083-95d2e77545cf,improved_water_source,Improved Water Source,%,71.00,#06b6d4,Water & Sanitation chapter or Household characteristics,,f,f,f,1,2025-12-07 16:39:54.869744,2025-12-07 16:39:54.869744
15b4f7e1-36e5-4d81-893c-6ac94775bb19,7ca212df-7e91-4229-8083-95d2e77545cf,improved_sanitation,Improved Sanitation Facility,%,47.00,#06b6d4,Water & Sanitation chapter,,f,f,f,3,2025-12-07 16:39:54.869744,2025-12-07 16:39:54.869744
da7a2509-a5be-4363-b72a-e6c4191a3786,7ca212df-7e91-4229-8083-95d2e77545cf,open_defecation,Open Defecation,%,24.00,#06b6d4,Water & Sanitation chapter,,f,f,f,4,2025-12-07 16:39:54.869744,2025-12-07 16:39:54.869744
e8a02a3c-33b2-49c8-8b0d-d8006b58c18b,76cbacbf-71d1-4446-aaf6-7503f1968063,population_under_5,Population Under 5,%,15.50,#8b5cf6,Percentage of population under age 5,,f,f,f,1,2025-12-07 16:54:01.393343,2025-12-13 06:31:48.882022
fe0d1b12-5647-4998-a757-272ecd21f6ee,447e164e-5daa-4415-afdf-212aad374cb5,prevalence_of_malaria_in_children_national,Prevalence of malaria in children,%,34.70,,,,f,f,f,0,2025-12-21 13:40:11.707256,2025-12-21 14:54:55.316547
bced16e2-3079-4353-9fbf-151744e8c7c3,83bd9db4-8778-4004-a0df-a15926d7af29,sanitation_service_ladder,Sanitation service ladder,%,44.00,,,,f,f,f,0,2025-12-21 13:40:11.880738,2025-12-21 14:54:55.326192
61989e8b-a028-4c25-938d-6e0371ccdbf9,4d060da2-3bfc-43db-8c86-038c31e60447,mean_hh_size,Mean size of households,members,4.90,,,,f,f,f,1,2025-12-20 06:50:46.589187,2025-12-21 11:24:32.127205
e6fad537-8ae5-4c56-9739-de95ea5966bb,83bd9db4-8778-4004-a0df-a15926d7af29,drinking_water_service_ladder,Drinking water service ladder,%,75.90,,,,f,f,f,0,2025-12-21 13:40:11.862378,2025-12-21 14:54:55.327501
382a262e-7893-4d98-b971-4885649f9557,4ab6b32d-2727-4e47-ac45-fef8ff8db89d,difficulty_washing_all_over_or_dressing,Difficulty washing all over or dressing,%,1.70,#8b5cf6,Percentage of population age 5+ with difficulty washing all over or dressing,"Nationally, 1.7% of the population age 5 + have some level of difficulty washing all over or dressing. The prevalence is generally higher in the North Central and North East zones compared to the Southern zones.",f,f,f,6,2025-12-07 16:20:51.104707,2025-12-14 10:57:38.38249
22323f7e-d681-4846-b10d-ba0bcedd0e16,5701bab7-fdc4-4e2c-8186-182f786a8f92,women_employment,Women Employed,%,66.30,#ec4899,Percentage of currently married women age 15-49 who were employed,"Nationally, 66.3% of currently married women age 15-49 who were employed. There are significant regional disparities, generally with higher rates in the South compared to the North.",f,f,f,1,2025-12-07 16:20:51.104707,2025-12-14 10:57:38.38249
1145245d-8c27-4b8f-832d-f63318632ff7,76cbacbf-71d1-4446-aaf6-7503f1968063,population_working_age,Working Age Population (15-64),%,50.80,#8b5cf6,Percentage of population in working age group,,f,f,f,2,2025-12-07 16:54:01.393343,2025-12-13 06:31:48.882022
4b9e310c-85f4-45ac-a8f7-5fa6a116399d,76cbacbf-71d1-4446-aaf6-7503f1968063,dependency_ratio_children,Child Dependency (0-14),%,45.40,#8b5cf6,Percentage of population aged 0-14 (dependent children),,f,f,f,3,2025-12-07 16:54:01.393343,2025-12-13 06:31:48.882022
1498f68f-e75e-4ee9-8f02-c2e897c9074d,76cbacbf-71d1-4446-aaf6-7503f1968063,birth_registration,Birth Registration (Under 5),%,39.70,#8b5cf6,Percentage of children under 5 whose births are registered,,f,f,f,4,2025-12-07 16:54:01.393343,2025-12-13 06:31:48.882022
fd1697e5-d4c4-4c74-ac75-610c06a56b53,54c2ae4a-0b9e-41f8-9751-7d52e77fce3b,secondary_attendance,Secondary School Net Attendance,%,45.50,#f59e0b,Net attendance ratio for secondary school age children,Secondary school attendance follows a similar regional pattern to primary attendance.,f,f,f,4,2025-12-07 16:54:01.393343,2025-12-14 11:09:55.926639
65a14431-66a1-4e0f-8779-c109fe5e7e0a,1cc7c5e1-caf0-471e-8bc8-a6addbd8d0f2,moderate_or_severe_insecurity,Moderate or Severe Food Insecurity,%,67.70,#ef4444,Percentage of population experiencing moderate or severe food insecurity,"Food insecurity is a major concern, particularly in the northern zones affected by conflict and climate factors.",f,f,f,1,2025-12-07 16:54:01.393343,2025-12-14 11:09:56.071841
1d1f78ff-3a4d-41b0-bd3b-1c66c6f3491d,1cc7c5e1-caf0-471e-8bc8-a6addbd8d0f2,severe_insecurity,Severe Food Insecurity,%,33.00,#ef4444,Percentage of population experiencing severe food insecurity,Severe food insecurity affects a significant portion of the population in the North East.,f,f,f,2,2025-12-07 16:54:01.393343,2025-12-14 11:09:56.072574
fa7b3543-b32f-4db8-8c3b-ec06367cd89f,f8c12e68-1fa9-4891-a050-effba81f0a5c,informal_schooling_attendance_of_interviewed_women,Informal schooling attendance of interviewed women: States,%,24.50,,,,f,f,f,0,2025-12-21 13:40:12.228282,2025-12-21 14:54:55.351855
96da8f53-83f0-4792-931a-ee729ec41bf3,5701bab7-fdc4-4e2c-8186-182f786a8f92,men_employment,Men Employed,%,97.60,#3b82f6,Percentage of currently married men age 15-49 who were employed,"Nationally, 97.6% of currently married men age 15-49 who were employed. There are significant regional disparities, generally with higher rates in the South compared to the North.",f,f,f,2,2025-12-07 16:20:51.104707,2025-12-14 10:57:38.38249
3c3993c3-5d29-4fbd-b911-52411a8075e7,5701bab7-fdc4-4e2c-8186-182f786a8f92,women_control_earnings,Women Control Over Earnings,%,71.00,#a855f7,Percentage of employed women who decide alone how their earnings are used,"Nationally, 71% of employed women who decide alone how their earnings are used. There are significant regional disparities, generally with higher rates in the South compared to the North.",f,f,f,3,2025-12-07 16:20:51.104707,2025-12-14 10:57:38.38249
d08ce36f-523b-42c6-8b20-ed9695e90137,5701bab7-fdc4-4e2c-8186-182f786a8f92,women_mobile_phone,Women Own Mobile Phone,%,62.00,#ec4899,Percentage of women age 15-49 who own a mobile phone,"Nationally, 62% of women age 15-49 who own a mobile phone. There are significant regional disparities, generally with higher rates in the South compared to the North.",f,f,f,4,2025-12-07 16:20:51.104707,2025-12-14 10:57:38.38249
b29a2325-fa93-469a-9dd6-cd5e006d80c5,5701bab7-fdc4-4e2c-8186-182f786a8f92,men_mobile_phone,Men Own Mobile Phone,%,83.00,#3b82f6,Percentage of men aage 15-49 who own a mobile phone,"Nationally, 83% of men aage 15-49 who own a mobile phone. There are significant regional disparities, generally with higher rates in the South compared to the North.",f,f,f,5,2025-12-07 16:20:51.104707,2025-12-14 10:57:38.38249
64193a9a-fb13-4f1a-9eac-6869bfd56797,5701bab7-fdc4-4e2c-8186-182f786a8f92,women_financial_inclusion,Women Financial Inclusion,%,37.00,#10b981,Percentage of women who use bank accounts or mobile money,"Nationally, 37% of women who use bank accounts or mobile money. There are significant regional disparities, generally with higher rates in the South compared to the North.",f,f,f,6,2025-12-07 16:20:51.104707,2025-12-14 10:57:38.38249
1f9c8c74-52be-42af-9812-5bb9147eeb8f,54c2ae4a-0b9e-41f8-9751-7d52e77fce3b,women_no_education,Women with No Education,%,34.30,#f59e0b,Percentage of women age 15-49 with no formal education,"Educational attainment shows a strong north-south divide, with higher rates of no education in the North.",f,f,f,1,2025-12-07 16:54:01.393343,2025-12-14 11:09:55.923346
a861ddc0-ca6c-48a2-9e7c-a4eb3079b03f,54c2ae4a-0b9e-41f8-9751-7d52e77fce3b,women_secondary_plus,Women with Secondary+ Education,%,38.80,#f59e0b,Percentage of women who completed at least secondary education,Secondary education completion is significantly higher in the southern zones.,f,f,f,2,2025-12-07 16:54:01.393343,2025-12-14 11:09:55.925481
c01f6f5a-b4e2-4353-979c-8c6011acdf01,54c2ae4a-0b9e-41f8-9751-7d52e77fce3b,primary_attendance,Primary School Net Attendance,%,48.60,#f59e0b,Net attendance ratio for primary school age children,"Primary school attendance varies, with lower rates observed in the North East and North West.",f,f,f,3,2025-12-07 16:54:01.393343,2025-12-14 11:09:55.926091
920ddc88-7081-47e0-a880-a3623f5cc83d,f8c12e68-1fa9-4891-a050-effba81f0a5c,literacy_of_interviewed_women_national,Literacy of interviewed women,%,15.50,,,,f,f,f,0,2025-12-21 13:40:12.305919,2025-12-21 14:54:55.353217
d61cac76-1972-4c8c-92f1-a9243464afab,83bd9db4-8778-4004-a0df-a15926d7af29,wealth_quintiles,Wealth quintiles,%,14.90,,,,f,f,f,0,2025-12-21 13:40:11.913594,2025-12-21 14:54:55.328844
9259a34d-6c95-4a00-914a-bf7e81124f9a,83bd9db4-8778-4004-a0df-a15926d7af29,background_characteristics_of_respondents_national,Respondent Distribution,%,16.70,,,,f,f,f,0,2025-12-21 13:40:11.808708,2025-12-21 14:54:55.330184
38ec91ae-b85a-4232-be9e-f4be84c4032f,6fe87074-4fea-4b7f-96df-673d84ded76e,exposure_to_mass_media,Exposure to mass media,%,8.70,,,,f,f,f,0,2025-12-21 13:40:12.417866,2025-12-21 14:54:55.331654
9f3575c2-3a14-4724-b50a-466ca55f5a55,fdde1bf6-a643-4a0c-997b-39763b53b972,mobile_phone_ownership_and_internet_usage,Mobile phone ownership and internet usage,%,67.00,,,,f,f,f,0,2025-12-21 13:40:12.437156,2025-12-21 14:54:55.338877
db5720ce-f769-4a68-82c8-9211d0797bf6,fdde1bf6-a643-4a0c-997b-39763b53b972,household_possession_of_mosquito_nets_national,Household possession of mosquito nets,%,54.40,,,,f,f,f,0,2025-12-21 13:40:12.50347,2025-12-21 14:54:55.340459
65db48b1-e64d-4ba8-a040-15f0eb525905,fdde1bf6-a643-4a0c-997b-39763b53b972,source_of_mosquito_nets_national,Source of mosquito nets,%,79.30,,,,f,f,f,0,2025-12-21 13:40:12.609254,2025-12-21 14:54:55.34174
045d35bb-0f45-419d-9ad3-713b4636c980,f8c12e68-1fa9-4891-a050-effba81f0a5c,formal_educational_attainment_of_interviewed_women,Formal educational attainment of interviewed women: States,%,27.30,,,,f,f,f,0,2025-12-21 13:40:12.122077,2025-12-21 14:54:55.350427
0d403122-4984-4d16-b452-e36340f6d773,a4d8aa4f-774f-469a-b149-5d58f19834d7,improved_sanitation,Improved Sanitation Facility,%,64.90,#a855f7,Percentage of population using an improved sanitation facility,"At the national level, 64.9% of the population has using an improved sanitation facility. Access levels are generally better in urban areas and Southern zones compared to rural areas and Northern zones.",f,f,f,5,2025-12-07 16:20:51.104707,2025-12-14 10:57:38.38249
ea6ea41a-2612-4a1c-b00c-db89c0f6dfc5,a4d8aa4f-774f-469a-b149-5d58f19834d7,open_defecation,Open Defecation,%,19.90,#ef4444,Percentage of population practicing open defecation,"At the national level, 19.9% of the population has practicing open defecation. Access levels are generally better in urban areas and Southern zones compared to rural areas and Northern zones.",f,f,f,6,2025-12-07 16:20:51.104707,2025-12-14 10:57:38.38249
a7ae8368-2dd9-4bee-a7e4-a471d758665c,fdde1bf6-a643-4a0c-997b-39763b53b972,use_of_mosquito_nets_by_pregnant_women_national,Use of mosquito nets by pregnant women,%,38.80,,,,f,f,f,0,2025-12-21 13:40:13.172787,2025-12-21 14:54:55.348117
973c8367-02ed-4b9b-9a84-7534e9f9ee72,fdde1bf6-a643-4a0c-997b-39763b53b972,main_reason_mosquito_net_was_not_used_the_night_be,Main reason mosquito net was not used the night before the survey: States,%,31.30,,,,f,f,f,0,2025-12-21 13:40:13.237116,2025-12-21 14:54:55.34926
36c12405-9131-47bd-9d49-ea61cef28335,447e164e-5daa-4415-afdf-212aad374cb5,haemoglobin_8_0_g_dl_in,Haemoglobin <8.0 g/dl in,%,,,,,f,f,f,0,2025-12-21 13:40:13.947025,2025-12-21 13:40:13.947025
39a92562-5848-45f4-84b8-ce2c06eb5e5a,f8c12e68-1fa9-4891-a050-effba81f0a5c,antenatal_care_national,Antenatal care,%,36.50,,,,f,f,f,0,2025-12-21 13:40:13.339258,2025-12-21 14:54:55.35439
a7845fbf-ad12-41bf-8348-5f94f0e5b750,f8c12e68-1fa9-4891-a050-effba81f0a5c,number_of_antenatal_care_visits_and_timing_of_firs,Number of antenatal care visits and timing of first visit: States,%,18.20,,,,f,f,f,0,2025-12-21 13:40:13.43965,2025-12-21 14:54:55.355568
0a0b7e2e-8e70-4267-9a63-caf79e7db88a,f8c12e68-1fa9-4891-a050-effba81f0a5c,use_of_intermittent_preventive_treatment_iptp_by_w,Use of intermittent preventive treatment (IPTp) by women during pregnancy: States,%,53.00,,,,f,f,f,0,2025-12-21 13:40:13.555244,2025-12-21 14:54:55.356783
bcff88d6-6589-4515-8dad-447cf509dad8,2311bffe-af64-40c0-8018-ac47692ee044,malaria_species_national,Malaria Species Distribution,%,89.20,,,,f,f,f,0,2025-12-21 13:40:14.139176,2025-12-21 14:54:55.308198
5c057225-5e54-4dfe-a99c-1e9e13de5de8,2311bffe-af64-40c0-8018-ac47692ee044,type_of_antimalarial_drugs_used,Type of antimalarial drugs used,%,73.30,,,,f,f,f,0,2025-12-21 13:40:13.798074,2025-12-21 14:54:55.312658
f7f63ce1-ca87-4fe1-a801-1367d12af4e3,2311bffe-af64-40c0-8018-ac47692ee044,referral_to_higher_level_of_care,Referral to higher level of care,%,13.50,,,,f,f,f,0,2025-12-21 13:40:13.78367,2025-12-21 14:54:55.314573
e343ceed-c384-4062-94f6-cea12e37d504,447e164e-5daa-4415-afdf-212aad374cb5,children_with_fever_and_care_seeking_prompt_treatm,"Children with fever and care seeking, prompt treatment, and diagnosis: States",%,33.60,,,,f,f,f,0,2025-12-21 13:40:13.691688,2025-12-21 14:54:55.318867
da50c105-d27e-4c72-88b1-c0906baa9d22,447e164e-5daa-4415-afdf-212aad374cb5,act_use_and_fever,ACT use and fever,%,89.20,,,,f,f,f,0,2025-12-21 13:40:13.81345,2025-12-21 14:54:55.320921
c54eeab1-59db-4710-a7d1-7db580ff8aff,447e164e-5daa-4415-afdf-212aad374cb5,coverage_of_testing_for_anaemia_and_malaria_in_chi,Coverage of testing for anaemia and malaria in children:,%,96.50,,,,f,f,f,0,2025-12-21 13:40:13.828965,2025-12-21 14:54:55.32265
2ef96dcd-267f-4861-bd85-18b2b5a8ba3a,447e164e-5daa-4415-afdf-212aad374cb5,haemoglobin_8_0_g_dl_in_children_national,Haemoglobin <8.0 g/dl in children: National,%,6.60,,,,f,f,f,0,2025-12-21 13:40:13.931259,2025-12-21 14:54:55.32427
482284cf-5254-4210-850d-0b2287fa991a,6fe87074-4fea-4b7f-96df-673d84ded76e,media_exposure_to_malaria_messages_national,Media exposure to malaria messages,%,48.00,,,,f,f,f,0,2025-12-21 13:40:14.23297,2025-12-21 14:54:55.33305
7e985c5b-0dca-4b96-b0e8-63c40a73b8a5,6fe87074-4fea-4b7f-96df-673d84ded76e,knowledge_of_ways_to_avoid_malaria_national,Knowledge of ways to avoid malaria,%,81.30,,,,f,f,f,0,2025-12-21 13:40:14.333772,2025-12-21 14:54:55.334556
236d2480-5f3d-455b-924b-21e359f55d9d,6fe87074-4fea-4b7f-96df-673d84ded76e,malaria_susceptibility_severity_and_self_efficacy_,Malaria Susceptibility & Self-Efficacy,%,26.80,,,,f,f,f,0,2025-12-21 13:40:14.431194,2025-12-21 14:54:55.335848
a4e17852-215f-4fea-9126-c814c3fe9746,6fe87074-4fea-4b7f-96df-673d84ded76e,attitudes_towards_malaria_related_behaviours_and_m,Attitudes towards Malaria,%,33.60,,,,f,f,f,0,2025-12-21 13:40:14.530603,2025-12-21 14:54:55.337508
43886790-ae58-4382-81d4-f9bb39cdbc06,fdde1bf6-a643-4a0c-997b-39763b53b972,access_to_an_insecticide_treated_net,Access to an insecticide-treated net (ITN),%,39.10,,,,f,f,f,0,2025-12-21 13:40:12.752207,2025-12-21 14:54:55.342947
715fe054-75e0-4d3e-9c61-83520f903c4a,fdde1bf6-a643-4a0c-997b-39763b53b972,use_of_mosquito_nets_by_persons_in_the_household_n,Use of mosquito nets by persons in the household,%,32.20,,,,f,f,f,0,2025-12-21 13:40:12.856002,2025-12-21 14:54:55.344254
4a627ccd-cbf1-4957-a97d-bc61540cb8da,fdde1bf6-a643-4a0c-997b-39763b53b972,use_of_existing_itns_national,Use of existing ITNs,%,68.20,,,,f,f,f,0,2025-12-21 13:40:12.962475,2025-12-21 14:54:55.345459
7e079216-8d07-43d2-bc04-ee11d395e116,fdde1bf6-a643-4a0c-997b-39763b53b972,use_of_mosquito_nets_by_children_national,Use of mosquito nets by children,%,36.30,,,,f,f,f,0,2025-12-21 13:40:13.070708,2025-12-21 14:54:55.346907
03434f4b-884e-408d-b4cd-7636e9937ce9,d0a2afff-dd61-42c7-8b7a-88420faa345a,neds_nar_preprimary_region,Pre-Primary School NAR by Region,%,,,,,t,f,f,0,2025-12-20 13:12:47.6407,2025-12-20 13:12:47.6407
8d948afd-a06f-4d77-a63c-1129bbea03e8,d0a2afff-dd61-42c7-8b7a-88420faa345a,neds_nar_preprimary_state,Pre-Primary School NAR by State (Focus States),%,,,,,t,f,f,0,2025-12-20 13:12:47.6407,2025-12-20 13:12:47.6407
dc9090f4-e285-4a66-b732-61cd310c505a,d0a2afff-dd61-42c7-8b7a-88420faa345a,neds_primary_under_age,Primary School Under-Age Learners by Class,%,,,,,t,f,f,0,2025-12-20 13:13:46.807273,2025-12-20 13:13:46.807273
4ab113d0-46d1-4e01-8182-2c6d0aeff70f,d0a2afff-dd61-42c7-8b7a-88420faa345a,neds_primary_on_time,Primary School On-Time Learners by Class,%,,,,,t,f,f,0,2025-12-20 13:13:46.807273,2025-12-20 13:13:46.807273
dea2e44a-17b0-4de4-afe1-ab3df4d1f439,d0a2afff-dd61-42c7-8b7a-88420faa345a,neds_primary_over_age,Primary School Over-Age Learners by Class,%,,,,,t,f,f,0,2025-12-20 13:13:46.807273,2025-12-20 13:13:46.807273
7eb2c78c-75d8-4bc3-b482-7a20b39f8d18,d0a2afff-dd61-42c7-8b7a-88420faa345a,neds_jss_under_age,JSS Under-Age Learners by Class,%,,,,,t,f,f,0,2025-12-20 13:13:46.807273,2025-12-20 13:13:46.807273
837658e7-ca3b-4dc9-bd5f-27620cacc0fb,d0a2afff-dd61-42c7-8b7a-88420faa345a,neds_jss_on_time,JSS On-Time Learners by Class,%,,,,,t,f,f,0,2025-12-20 13:13:46.807273,2025-12-20 13:13:46.807273
0ad8d41d-ac55-4ab1-8cc3-d340cb13af9d,8c00be64-a4ea-43a7-9ebc-d206515ce757,population_age_dist,Population by Age Group,percent,0.00,,,,t,f,f,1,2025-12-20 07:38:03.476477,2025-12-20 08:04:24.996815
ac1f7513-4675-4034-bfb5-7e4daf865323,8c00be64-a4ea-43a7-9ebc-d206515ce757,population_sex_dist,Population by Sex,percent,0.00,,,,t,f,f,2,2025-12-20 07:45:33.304215,2025-12-20 08:04:24.996815
5b2c54e0-6218-4c3c-89d8-72b180aebc1b,631b38e3-d5c5-4107-9baf-fb7ed7e42415,edu_level_dist,Level of Education,percent,0.00,,,,t,f,f,2,2025-12-20 07:38:03.476477,2025-12-20 08:04:24.996815
804572fc-0044-42a7-a1ec-ebb736c51ae3,631b38e3-d5c5-4107-9baf-fb7ed7e42415,literacy_status_dist,Literacy Status,percent,0.00,,,,t,f,f,3,2025-12-20 07:38:03.476477,2025-12-20 08:04:24.996815
c66e5bfc-e8ed-416c-92b8-893aeb6dc0b3,4d060da2-3bfc-43db-8c86-038c31e60447,hh_headship,Household Headship,percent,0.00,,,,t,f,f,2,2025-12-20 08:34:30.694858,2025-12-20 08:35:30.6765
e80a6b06-5863-4ddb-8e49-3aa37a196fa4,4d060da2-3bfc-43db-8c86-038c31e60447,hh_access_utils,Access to Utilities,percent,0.00,,,,t,f,f,3,2025-12-20 08:34:30.694858,2025-12-20 08:35:30.6765
0d0d75c9-b70a-440e-9435-cde7ef8cddbc,292e84d6-81df-4fe7-80b8-7cb0b6c45120,itn_coverage,ITN Coverage Indicators,percent,0.00,,,,t,f,f,1,2025-12-20 08:41:33.458504,2025-12-20 08:41:33.458504
5d63e81b-0177-4680-aeb2-292cf65d1d08,292e84d6-81df-4fe7-80b8-7cb0b6c45120,iptp_uptake,IPTp Uptake (Pregnant Women),percent,0.00,,,,t,f,f,2,2025-12-20 09:12:15.981549,2025-12-20 09:12:15.981549
6323d140-49b2-4936-a08d-00644ff83166,11153849-8dca-483d-8554-c856929ecd1b,fever_care,Fever Care & Treatment,percent,0.00,,,,t,f,f,1,2025-12-20 09:12:15.981549,2025-12-20 09:12:15.981549
bc8284ef-09ce-465f-8429-c5c5f24e1325,96bbab20-ba01-4c02-8bac-384f77f5af67,malaria_prevalence,Child Disease Prevalence,percent,0.00,,,,t,f,f,1,2025-12-20 09:12:15.981549,2025-12-20 09:12:15.981549
c2c02584-ff9e-4a9b-8f5b-1743092ea074,c292fcc8-df83-4ee7-b26d-9ab53931d749,neds_hh_age,Household Heads by Age,%,,,,,t,f,f,0,2025-12-20 12:30:55.560182,2025-12-20 12:30:55.560182
af75cd61-60e9-46a4-9f3b-b874013e4f62,c292fcc8-df83-4ee7-b26d-9ab53931d749,neds_hh_sex,Household Heads by Sex,%,,,,,t,f,f,0,2025-12-20 12:30:55.560182,2025-12-20 12:30:55.560182
1648d022-dbca-472d-bdc5-c7f4bb8690b7,c292fcc8-df83-4ee7-b26d-9ab53931d749,neds_hh_residence,Household Heads by Residence,%,,,,,t,f,f,0,2025-12-20 12:30:55.560182,2025-12-20 12:30:55.560182
bd8515f3-5a47-4280-b792-9cefeea28cbb,c292fcc8-df83-4ee7-b26d-9ab53931d749,neds_hh_region,Household Heads by Region,%,,,,,t,f,f,0,2025-12-20 12:30:55.560182,2025-12-20 12:30:55.560182
878cd16b-6e87-436b-b036-1289351bbdeb,c292fcc8-df83-4ee7-b26d-9ab53931d749,neds_hh_state,Household Heads by State (Focus States),%,,,,,t,f,f,0,2025-12-20 12:30:55.560182,2025-12-20 12:30:55.560182
8d48fbdb-30bf-4347-91f3-2ff710d449c9,d0a2afff-dd61-42c7-8b7a-88420faa345a,neds_nar_primary_sex,Primary School NAR by Sex,%,,,,,t,f,f,0,2025-12-20 13:09:18.004033,2025-12-20 13:09:18.004033
afcb6274-ed98-4e2c-b243-ee93ba0c2ecf,d0a2afff-dd61-42c7-8b7a-88420faa345a,neds_nar_primary_residence,Primary School NAR by Residence,%,,,,,t,f,f,0,2025-12-20 13:09:18.004033,2025-12-20 13:09:18.004033
c66105d9-4605-49d1-90ef-ba34c88c2b5a,d0a2afff-dd61-42c7-8b7a-88420faa345a,neds_nar_primary_wealth,Primary School NAR by Economic Quintile,%,,,,,t,f,f,0,2025-12-20 13:09:18.004033,2025-12-20 13:09:18.004033
29bdd20a-92c2-44c4-b306-703abb333afa,d0a2afff-dd61-42c7-8b7a-88420faa345a,neds_nar_primary_region,Primary School NAR by Region,%,,,,,t,f,f,0,2025-12-20 13:09:18.004033,2025-12-20 13:09:18.004033
2dead382-1cc0-4bac-8d6b-abb92a87f0ef,d0a2afff-dd61-42c7-8b7a-88420faa345a,neds_nar_primary_state,Primary School NAR by State (Focus States),%,,,,,t,f,f,0,2025-12-20 13:09:18.004033,2025-12-20 13:09:18.004033
6ac17bf4-e430-42d6-a00d-eb2ad9458ed9,d0a2afff-dd61-42c7-8b7a-88420faa345a,neds_nar_preprimary_residence,Pre-Primary School NAR by Residence,%,,,,,t,f,f,0,2025-12-20 13:12:47.6407,2025-12-20 13:12:47.6407
bc26edaf-c9d6-41b9-91f2-3d49fbb3160f,d0a2afff-dd61-42c7-8b7a-88420faa345a,neds_nar_preprimary_wealth,Pre-Primary School NAR by Economic Quintile,%,,,,,t,f,f,0,2025-12-20 13:12:47.6407,2025-12-20 13:12:47.6407
3499ff8c-92bb-4edd-8f4b-3b0344b3d6bf,d0a2afff-dd61-42c7-8b7a-88420faa345a,neds_jss_over_age,JSS Over-Age Learners by Class,%,,,,,t,f,f,0,2025-12-20 13:13:46.807273,2025-12-20 13:13:46.807273
5a6a5628-0ac7-4c3a-b979-5eeaf394ea22,14a2c7f5-465e-4cee-bdbf-afeaa1bca4b6,neds_numeracy_age,Numeracy Rate by Age Group,%,,,,,t,f,f,0,2025-12-20 13:34:19.439451,2025-12-20 13:34:19.439451
0b0f435e-6055-4f4b-b336-4160366308bc,14a2c7f5-465e-4cee-bdbf-afeaa1bca4b6,neds_numeracy_residence,Numeracy Rate by Residence,%,,,,,t,f,f,0,2025-12-20 13:34:19.439451,2025-12-20 13:34:19.439451
9e1b16fa-3189-4656-99a6-464f0540b223,14a2c7f5-465e-4cee-bdbf-afeaa1bca4b6,neds_numeracy_education_level,Numeracy Rate by Education Level,%,,,,,t,f,f,0,2025-12-20 13:34:19.439451,2025-12-20 13:34:19.439451
413e119b-c77c-4700-8fe3-81ce55ab86cc,14a2c7f5-465e-4cee-bdbf-afeaa1bca4b6,neds_numeracy_wealth,Numeracy Rate by Economic Quintile,%,,,,,t,f,f,0,2025-12-20 13:34:19.439451,2025-12-20 13:34:19.439451
c68db925-5f9a-4248-b825-34cd8bf03c4a,14a2c7f5-465e-4cee-bdbf-afeaa1bca4b6,neds_numeracy_region,Numeracy Rate by Region,%,,,,,t,f,f,0,2025-12-20 13:34:19.439451,2025-12-20 13:34:19.439451
de7998f0-3289-4e38-9def-9da7fd8b285b,14a2c7f5-465e-4cee-bdbf-afeaa1bca4b6,neds_numeracy_state,Numeracy Rate by State (Focus States),%,,,,,t,f,f,0,2025-12-20 13:34:19.439451,2025-12-20 13:34:19.439451
5f4584ee-9aa6-42fb-8ba9-373884b917bf,14a2c7f5-465e-4cee-bdbf-afeaa1bca4b6,neds_literacy_age,Literacy Rate by Age Group (Children 4-16),%,,,,,t,f,f,0,2025-12-20 13:35:09.349237,2025-12-20 13:35:09.349237
272409b8-b6d7-4484-94fc-a1069c410f21,14a2c7f5-465e-4cee-bdbf-afeaa1bca4b6,neds_literacy_residence,Literacy Rate by Residence,%,,,,,t,f,f,0,2025-12-20 13:35:09.349237,2025-12-20 13:35:09.349237
144feb0e-2564-4494-b532-b6f88a06d77c,14a2c7f5-465e-4cee-bdbf-afeaa1bca4b6,neds_literacy_education_level,Literacy Rate by Education Level,%,,,,,t,f,f,0,2025-12-20 13:35:09.349237,2025-12-20 13:35:09.349237
499392fd-1d80-4b05-ab2d-b42952c66aff,14a2c7f5-465e-4cee-bdbf-afeaa1bca4b6,neds_literacy_wealth,Literacy Rate by Economic Quintile,%,,,,,t,f,f,0,2025-12-20 13:35:09.349237,2025-12-20 13:35:09.349237
4dc3fee2-a54b-4230-bb2c-6e4bf5723ed2,14a2c7f5-465e-4cee-bdbf-afeaa1bca4b6,neds_literacy_region,Literacy Rate by Region,%,,,,,t,f,f,0,2025-12-20 13:35:09.349237,2025-12-20 13:35:09.349237
4b76d9a1-3464-4616-ac97-f683ac73e808,14a2c7f5-465e-4cee-bdbf-afeaa1bca4b6,neds_literacy_state,Literacy Rate by State (Focus States),%,,,,,t,f,f,0,2025-12-20 13:35:09.349237,2025-12-20 13:35:09.349237
3efc507b-9738-4abb-9883-9da8f722018a,14a2c7f5-465e-4cee-bdbf-afeaa1bca4b6,neds_literacy_govt_class,Literacy Rate by Class (Government Schools),%,,,,,t,f,f,0,2025-12-20 13:37:16.381415,2025-12-20 13:37:16.381415
1de1db82-4419-4458-a20b-dc843717cf8b,14a2c7f5-465e-4cee-bdbf-afeaa1bca4b6,neds_comprehension_age,Comprehension Rate by Age Group (Literate Children),%,,,,,t,f,f,0,2025-12-20 13:38:18.416612,2025-12-20 13:38:18.416612
3dd07ddf-9ab8-47ab-a047-03da404ebcbc,14a2c7f5-465e-4cee-bdbf-afeaa1bca4b6,neds_comprehension_residence,Comprehension Rate by Residence (Literate Children),%,,,,,t,f,f,0,2025-12-20 13:38:18.416612,2025-12-20 13:38:18.416612
8430a0b9-3798-4217-a9c9-03639abe061d,14a2c7f5-465e-4cee-bdbf-afeaa1bca4b6,neds_comprehension_education_level,Comprehension Rate by Education Level (Literate Children),%,,,,,t,f,f,0,2025-12-20 13:38:18.416612,2025-12-20 13:38:18.416612
212458c1-1f0c-4398-aaed-71de0cb1ede6,14a2c7f5-465e-4cee-bdbf-afeaa1bca4b6,neds_comprehension_wealth,Comprehension Rate by Economic Quintile (Literate Children),%,,,,,t,f,f,0,2025-12-20 13:38:18.416612,2025-12-20 13:38:18.416612
8ff91322-28d9-4b8c-aab3-bebb3ee31fa3,14a2c7f5-465e-4cee-bdbf-afeaa1bca4b6,neds_comprehension_region,Comprehension Rate by Region (Literate Children),%,,,,,t,f,f,0,2025-12-20 13:38:18.416612,2025-12-20 13:38:18.416612
578befaf-b554-4ce5-a6f2-090c0f17d14b,14a2c7f5-465e-4cee-bdbf-afeaa1bca4b6,neds_comprehension_state,"Comprehension Rate by State (Focus States, Literate Children)",%,,,,,t,f,f,0,2025-12-20 13:38:18.416612,2025-12-20 13:38:18.416612
beaa71db-bfb5-480b-acfd-7f446cbb4753,d0a2afff-dd61-42c7-8b7a-88420faa345a,neds_primary_nar_state,Primary School Net Attendance Rate (NAR) by State,%,,,,,t,f,f,0,2025-12-20 14:43:24.468252,2025-12-20 14:43:24.468252
858a303c-8e89-4ad2-b8f3-4d0c5df8a57f,d0a2afff-dd61-42c7-8b7a-88420faa345a,neds_primary_nar_residence,Primary School Net Attendance Rate (NAR) by Residence,%,,,,,t,f,f,0,2025-12-20 14:43:24.468252,2025-12-20 14:43:24.468252
0a131ae0-9aef-49bd-94a7-03f9d12ff5f7,d0a2afff-dd61-42c7-8b7a-88420faa345a,neds_primary_nar_wealth,Primary School Net Attendance Rate (NAR) by Economic Quintile,%,,,,,t,f,f,0,2025-12-20 14:43:24.468252,2025-12-20 14:43:24.468252
226ab28e-83e9-42da-aab5-92e4e1e79f61,d0a2afff-dd61-42c7-8b7a-88420faa345a,neds_out_of_school_state,Out-of-School Children (Age 6-15) by State,%,,,,,t,f,f,0,2025-12-20 14:45:10.194465,2025-12-20 14:45:10.194465
00074283-0dab-4f5b-ad6f-b7daf08d2aca,d0a2afff-dd61-42c7-8b7a-88420faa345a,neds_non_formal_school_state,Non-Formal School Attendance (Age 6-15) by State,%,,,,,t,f,f,0,2025-12-20 14:45:10.194465,2025-12-20 14:45:10.194465
fae5e6fd-2fb1-446f-94a1-c87547a24ee5,d0a2afff-dd61-42c7-8b7a-88420faa345a,neds_primary_gar_state,Primary School Gross Attendance Rate (GAR) by State,%,,,,,t,f,f,0,2025-12-20 14:50:09.568962,2025-12-20 14:50:09.568962
bd367873-78f9-42b6-ac54-78ae2515b0a9,d0a2afff-dd61-42c7-8b7a-88420faa345a,neds_jss_gar_state,Junior Secondary School (JSS) Gross Attendance Rate (GAR) by State,%,,,,,t,f,f,0,2025-12-20 14:50:09.568962,2025-12-20 14:50:09.568962
db23104e-020d-4b63-b3f6-7e41cc1bf3ea,d0a2afff-dd61-42c7-8b7a-88420faa345a,neds_primary_gpi_state,Primary School Gender Parity Index (GPI) by State,ratio,,,,,t,f,f,0,2025-12-20 14:50:09.568962,2025-12-20 14:50:09.568962
cdd3743b-e272-4b9e-add1-e0781ca90322,d0a2afff-dd61-42c7-8b7a-88420faa345a,neds_jss_gpi_state,Junior Secondary School (JSS) Gender Parity Index (GPI) by State,ratio,,,,,t,f,f,0,2025-12-20 14:50:09.568962,2025-12-20 14:50:09.568962
