id,indicator_id,year,series_name,value,color,created_at,display_order
5e9157d7-8098-49a5-9797-f600a18a1fb1,a89d163b-4802-42c4-841d-37e2d021d337,2008,ANC (4+),45.00,#7e22ce,2025-11-27 13:17:23.444477,0
3f9267c4-965b-4cb8-9d27-25f6daf27ca1,a89d163b-4802-42c4-841d-37e2d021d337,2013,ANC (4+),51.00,#7e22ce,2025-11-27 13:17:23.444477,0
f39fd745-2859-4ae0-9d97-35ff2ffa2563,a89d163b-4802-42c4-841d-37e2d021d337,2018,ANC (4+),57.00,#7e22ce,2025-11-27 13:17:23.444477,0
f5d1a48f-e7d9-46b6-ac54-173613f668a4,a89d163b-4802-42c4-841d-37e2d021d337,2023-24,ANC (4+),62.50,#7e22ce,2025-11-27 13:17:23.444477,0
8c01555f-9c13-4493-ae08-128038e9f8cb,a89d163b-4802-42c4-841d-37e2d021d337,2008,Inst. Delivery,35.00,#9333ea,2025-11-27 13:17:23.444477,0
a0d170f0-58b0-4f95-be01-130916efda72,a89d163b-4802-42c4-841d-37e2d021d337,2013,Inst. Delivery,36.00,#9333ea,2025-11-27 13:17:23.444477,0
b5aed49a-c56f-4c39-99a1-fbc61a8ef5e2,a89d163b-4802-42c4-841d-37e2d021d337,2018,Inst. Delivery,39.00,#9333ea,2025-11-27 13:17:23.444477,0
f36a974b-58a5-4638-b224-964bd963875b,a89d163b-4802-42c4-841d-37e2d021d337,2023-24,Inst. Delivery,48.20,#9333ea,2025-11-27 13:17:23.444477,0
f70a8604-ec27-4efc-8518-0ca6f9ba7c7b,a89d163b-4802-42c4-841d-37e2d021d337,2008,Skilled Attendant,39.00,#c026d3,2025-11-27 13:17:23.444477,0
24f5eb4d-91fc-46ef-ac14-ee0214f9ae00,a89d163b-4802-42c4-841d-37e2d021d337,2013,Skilled Attendant,38.00,#c026d3,2025-11-27 13:17:23.444477,0
620fc7b0-5798-418e-ad23-73116d3e7900,a89d163b-4802-42c4-841d-37e2d021d337,2018,Skilled Attendant,43.00,#c026d3,2025-11-27 13:17:23.444477,0
07af6ba5-6144-4919-be96-43f46f7ac904,a89d163b-4802-42c4-841d-37e2d021d337,2023-24,Skilled Attendant,52.40,#c026d3,2025-11-27 13:17:23.444477,0
19c86ac1-07c0-4258-b629-cbe236390d17,0ad8d41d-ac55-4ab1-8cc3-d340cb13af9d,0-4,Percentage,18.50,#16a34a,2025-12-20 08:04:24.996815,1
aa4f119f-8721-426c-8478-3a12442436a3,0ad8d41d-ac55-4ab1-8cc3-d340cb13af9d,5-9,Percentage,16.70,#16a34a,2025-12-20 08:04:24.996815,2
a43ca0c9-6193-4c99-8ee0-28f884471230,0ad8d41d-ac55-4ab1-8cc3-d340cb13af9d,10-14,Percentage,11.90,#16a34a,2025-12-20 08:04:24.996815,3
c381045f-75f8-4a73-af61-a4c6e8060909,0ad8d41d-ac55-4ab1-8cc3-d340cb13af9d,15-19,Percentage,8.00,#16a34a,2025-12-20 08:04:24.996815,4
1e542ca4-8bfe-4aa1-88a9-b09954014f1c,0ad8d41d-ac55-4ab1-8cc3-d340cb13af9d,20-24,Percentage,7.10,#16a34a,2025-12-20 08:04:24.996815,5
3eb98acd-c94d-4ca7-846f-938d9fc0cbb5,0ad8d41d-ac55-4ab1-8cc3-d340cb13af9d,25-29,Percentage,7.30,#16a34a,2025-12-20 08:04:24.996815,6
a1a17206-fa08-4c31-b349-d7b7b608263e,0ad8d41d-ac55-4ab1-8cc3-d340cb13af9d,30-34,Percentage,6.40,#16a34a,2025-12-20 08:04:24.996815,7
b36702e7-450c-4ea2-96b6-d1d670e24055,0ad8d41d-ac55-4ab1-8cc3-d340cb13af9d,35-39,Percentage,5.10,#16a34a,2025-12-20 08:04:24.996815,8
3889d625-478c-468f-98c4-39c549bed9c3,0ad8d41d-ac55-4ab1-8cc3-d340cb13af9d,40-44,Percentage,4.40,#16a34a,2025-12-20 08:04:24.996815,9
0b37bc10-a6fb-43b4-a483-edd61c229c99,0ad8d41d-ac55-4ab1-8cc3-d340cb13af9d,45-49,Percentage,2.90,#16a34a,2025-12-20 08:04:24.996815,10
5424a275-4cd0-4f24-a6c7-6604710405f1,0ad8d41d-ac55-4ab1-8cc3-d340cb13af9d,50-54,Percentage,3.50,#16a34a,2025-12-20 08:04:24.996815,11
04e1500f-77c5-4f09-8b63-bd2d2dcc4ce3,0ad8d41d-ac55-4ab1-8cc3-d340cb13af9d,55-59,Percentage,2.10,#16a34a,2025-12-20 08:04:24.996815,12
3d32cd36-7786-4351-8c15-5be46c70ec13,0ad8d41d-ac55-4ab1-8cc3-d340cb13af9d,60-64,Percentage,2.00,#16a34a,2025-12-20 08:04:24.996815,13
4d0a265b-e72f-4a13-b2d9-f882139b72df,0ad8d41d-ac55-4ab1-8cc3-d340cb13af9d,65-69,Percentage,1.30,#16a34a,2025-12-20 08:04:24.996815,14
11ed9868-9b02-4272-9621-51ca957441ce,0ad8d41d-ac55-4ab1-8cc3-d340cb13af9d,70-74,Percentage,1.10,#16a34a,2025-12-20 08:04:24.996815,15
cd03b549-2c48-4fb1-83ce-7a544ad9f750,0ad8d41d-ac55-4ab1-8cc3-d340cb13af9d,75-79,Percentage,0.60,#16a34a,2025-12-20 08:04:24.996815,16
5d8688c5-76e7-4fb2-b1d6-449ce5751738,0ad8d41d-ac55-4ab1-8cc3-d340cb13af9d,80+,Percentage,0.80,#16a34a,2025-12-20 08:04:24.996815,17
28e0eb06-b8bf-40a8-995f-a055e7681679,ac1f7513-4675-4034-bfb5-7e4daf865323,Male,Percentage,50.50,#16a34a,2025-12-20 08:04:24.996815,1
82e1d5ba-881c-4d40-a3ae-1a45f6494750,631a4c70-a83e-4b55-a8c2-5c686616631e,1990,Total,6.30,#64748b,2025-11-27 13:17:24.375078,0
2fc09cfd-d159-4621-b23b-09e93d1b6e1e,631a4c70-a83e-4b55-a8c2-5c686616631e,2003,Total,6.10,#64748b,2025-11-27 13:17:24.375078,0
082581bd-590a-4462-bebf-842233dc7236,631a4c70-a83e-4b55-a8c2-5c686616631e,2008,Total,6.30,#64748b,2025-11-27 13:17:24.375078,0
f9d6e0f8-2924-4ff6-a999-7ba4948a040e,631a4c70-a83e-4b55-a8c2-5c686616631e,2013,Total,6.20,#64748b,2025-11-27 13:17:24.375078,0
b4eb4fc9-71bc-4f4f-a9f9-632cd0d6ca4f,631a4c70-a83e-4b55-a8c2-5c686616631e,2018,Total,5.90,#64748b,2025-11-27 13:17:24.375078,0
7ee5b5c1-5173-4e97-a356-80832b3af159,631a4c70-a83e-4b55-a8c2-5c686616631e,2023-24,Total,4.80,#64748b,2025-11-27 13:17:24.375078,0
c1390429-b326-4333-8421-b30f2694e74f,631a4c70-a83e-4b55-a8c2-5c686616631e,1990,Rural,6.30,#ea580c,2025-11-27 13:17:24.375078,0
b7de9a0f-9dcb-4968-9c52-72221d131757,631a4c70-a83e-4b55-a8c2-5c686616631e,2003,Rural,6.10,#ea580c,2025-11-27 13:17:24.375078,0
9548ef1d-99bc-4597-861b-8f438a799505,631a4c70-a83e-4b55-a8c2-5c686616631e,2008,Rural,6.30,#ea580c,2025-11-27 13:17:24.375078,0
5ca27a8d-bb15-4607-94c6-13b83f673b86,631a4c70-a83e-4b55-a8c2-5c686616631e,2013,Rural,6.20,#ea580c,2025-11-27 13:17:24.375078,0
af0e2a5b-dc10-4f3d-a840-4615b3064852,631a4c70-a83e-4b55-a8c2-5c686616631e,2018,Rural,5.60,#ea580c,2025-11-27 13:17:24.375078,0
4caa0728-97d7-4db7-a526-c5cb8432bd94,631a4c70-a83e-4b55-a8c2-5c686616631e,2023-24,Rural,5.60,#ea580c,2025-11-27 13:17:24.375078,0
4ad8754d-74a0-4133-b828-e8e2a94de265,631a4c70-a83e-4b55-a8c2-5c686616631e,1990,Urban,5.00,#0284c7,2025-11-27 13:17:24.375078,0
00a770fa-c44c-4dc0-a8b3-dd9164072726,631a4c70-a83e-4b55-a8c2-5c686616631e,2003,Urban,4.90,#0284c7,2025-11-27 13:17:24.375078,0
e711f407-2c5d-4d22-a6e5-b7adc40c5a7c,631a4c70-a83e-4b55-a8c2-5c686616631e,2008,Urban,4.70,#0284c7,2025-11-27 13:17:24.375078,0
16d8f40e-d179-4cc4-8fe9-a1e7b4481c10,631a4c70-a83e-4b55-a8c2-5c686616631e,2013,Urban,4.70,#0284c7,2025-11-27 13:17:24.375078,0
a0945ed7-c325-4fcc-abf4-978bfee46910,631a4c70-a83e-4b55-a8c2-5c686616631e,2018,Urban,4.50,#0284c7,2025-11-27 13:17:24.375078,0
db60dd62-96af-4e1d-99c9-7c87a3ee9b02,631a4c70-a83e-4b55-a8c2-5c686616631e,2023-24,Urban,3.90,#0284c7,2025-11-27 13:17:24.375078,0
ce2f88da-576f-4eb3-b35c-911fbc4dfc1d,24825f3f-211d-4cf5-a2ea-23c5d4768cdd,15-19,Total,77.00,#64748b,2025-11-27 14:41:04.037511,0
2aa146e9-f969-489b-96e0-bdcfdd29cef2,24825f3f-211d-4cf5-a2ea-23c5d4768cdd,20-24,Total,209.00,#64748b,2025-11-27 14:41:04.037511,0
185f5884-a5ba-445c-8767-ca694e5c5f67,24825f3f-211d-4cf5-a2ea-23c5d4768cdd,25-29,Total,233.00,#64748b,2025-11-27 14:41:04.037511,0
069c28cd-6c6a-4bb7-adbd-ca22ebb93044,24825f3f-211d-4cf5-a2ea-23c5d4768cdd,30-34,Total,202.00,#64748b,2025-11-27 14:41:04.037511,0
f1ce251a-71ff-4064-b985-d14dd70926ab,24825f3f-211d-4cf5-a2ea-23c5d4768cdd,35-39,Total,134.00,#64748b,2025-11-27 14:41:04.037511,0
f8df1b0f-68c0-47ef-a8ab-492c6e7db88f,24825f3f-211d-4cf5-a2ea-23c5d4768cdd,40-44,Total,73.00,#64748b,2025-11-27 14:41:04.037511,0
87f2c637-3a10-4c3f-bb24-a4dcd987c118,24825f3f-211d-4cf5-a2ea-23c5d4768cdd,45-49,Total,34.00,#64748b,2025-11-27 14:41:04.037511,0
dff51464-3d45-46e6-b16f-2254f302ecc7,24825f3f-211d-4cf5-a2ea-23c5d4768cdd,15-19,Rural,112.00,#ea580c,2025-11-27 14:41:04.037511,0
9bea66f2-4002-4ae3-823b-8563c201ad9e,24825f3f-211d-4cf5-a2ea-23c5d4768cdd,20-24,Rural,251.00,#ea580c,2025-11-27 14:41:04.037511,0
ad6f39f2-d209-4bf3-9140-877a13e486d8,24825f3f-211d-4cf5-a2ea-23c5d4768cdd,25-29,Rural,250.00,#ea580c,2025-11-27 14:41:04.037511,0
49e87803-3e01-4980-bc3b-df3b2460bf2e,ac1f7513-4675-4034-bfb5-7e4daf865323,Female,Percentage,49.50,#16a34a,2025-12-20 08:04:24.996815,2
446cd97d-7872-41e6-98a5-f8e131ebcfad,5b2c54e0-6218-4c3c-89d8-72b180aebc1b,None,Percentage,38.80,#16a34a,2025-12-20 08:04:24.996815,1
8458dd41-5cae-4611-a259-5eca54c56d69,5b2c54e0-6218-4c3c-89d8-72b180aebc1b,Primary,Percentage,15.50,#16a34a,2025-12-20 08:04:24.996815,2
5f51c82b-ba1e-42bb-8c5e-a9a0c773d8d2,5b2c54e0-6218-4c3c-89d8-72b180aebc1b,Secondary,Percentage,35.50,#16a34a,2025-12-20 08:04:24.996815,3
71d3e660-0063-4b26-919b-494b0c89123a,5b2c54e0-6218-4c3c-89d8-72b180aebc1b,More than secondary,Percentage,10.20,#16a34a,2025-12-20 08:04:24.996815,4
75218c0c-c3e2-444f-90ca-6a9d6051d0bd,804572fc-0044-42a7-a1ec-ebb736c51ae3,Literate,Percentage,48.70,#16a34a,2025-12-20 08:04:24.996815,1
e4f65c2f-0e72-4549-b281-e94531371666,804572fc-0044-42a7-a1ec-ebb736c51ae3,Cannot read at all,Percentage,51.00,#16a34a,2025-12-20 08:04:24.996815,2
c44f95a9-859b-44d6-9153-3e2e7fa15229,c66e5bfc-e8ed-416c-92b8-893aeb6dc0b3,Male Headed,Percentage,85.40,#16a34a,2025-12-20 08:35:30.6765,1
06f0fa85-c9b5-41db-abe0-f640006dbea6,c66e5bfc-e8ed-416c-92b8-893aeb6dc0b3,Female Headed,Percentage,14.60,#16a34a,2025-12-20 08:35:30.6765,2
ddb2f84a-07b1-44fa-b8f6-c1f5a3b543eb,e80a6b06-5863-4ddb-8e49-3aa37a196fa4,Improved Water,Percentage,71.30,#16a34a,2025-12-20 08:35:30.6765,1
05263fda-2ac6-4e0e-bb27-79988379468a,e80a6b06-5863-4ddb-8e49-3aa37a196fa4,Improved Sanitation,Percentage,30.90,#16a34a,2025-12-20 08:35:30.6765,2
58f9eacc-3aed-4aab-9933-70b54051d402,5d63e81b-0177-4680-aeb2-292cf65d1d08,2+ Doses SP/Fansidar,Percentage,37.00,#16a34a,2025-12-20 09:12:15.981549,1
76cedf14-c4f0-4aef-a889-938f33e95158,5d63e81b-0177-4680-aeb2-292cf65d1d08,3+ Doses SP/Fansidar,Percentage,19.00,#16a34a,2025-12-20 09:12:15.981549,2
1b350a31-24d6-4555-8a90-4c9354800f97,6323d140-49b2-4936-a08d-00644ff83166,Sought Advice/Treatment,Percentage,73.00,#16a34a,2025-12-20 09:12:15.981549,1
6bf82f28-d9f7-4f75-80a9-8af6973b3024,6323d140-49b2-4936-a08d-00644ff83166,Received ACT,Percentage,38.00,#16a34a,2025-12-20 09:12:15.981549,2
d82192f8-9865-477e-a3f7-11bf1dfed2c0,bc8284ef-09ce-465f-8429-c5c5f24e1325,Positive by RDT,Percentage,45.00,#16a34a,2025-12-20 09:12:15.981549,1
639ffd57-7575-4a48-a741-3aecfb1a4917,0d0d75c9-b70a-440e-9435-cde7ef8cddbc,Household Ownership (At least 1 ITN),Percentage,68.80,#16a34a,2025-12-20 08:41:33.458504,1
80ab4ccb-faba-46f9-b33d-c9aab1fed950,0d0d75c9-b70a-440e-9435-cde7ef8cddbc,Population Access to ITN,Percentage,55.00,#16a34a,2025-12-20 08:41:33.458504,2
5e9ea03c-bb6a-4fb3-a8e7-31cef9eafa39,bc8284ef-09ce-465f-8429-c5c5f24e1325,Positive by Microscopy,Percentage,27.00,#16a34a,2025-12-20 09:12:15.981549,2
467c4e13-000b-4925-891b-e1e6b16e9320,bc8284ef-09ce-465f-8429-c5c5f24e1325,Anaemia (Hb <11g/dl),Percentage,71.00,#16a34a,2025-12-20 09:12:15.981549,3
462f0120-ad75-47f0-93c7-3fc5a1bc60f0,c2c02584-ff9e-4a9b-8f5b-1743092ea074,15-19,Percentage,0.10,#16a34a,2025-12-20 12:30:55.560182,1
9d13f686-5b52-4741-b0da-6b374c5761a0,c2c02584-ff9e-4a9b-8f5b-1743092ea074,20-40,Percentage,36.20,#16a34a,2025-12-20 12:30:55.560182,2
6be7cc18-62e2-41ae-b4a8-bb5ad884a0a7,c2c02584-ff9e-4a9b-8f5b-1743092ea074,41-60,Percentage,47.40,#16a34a,2025-12-20 12:30:55.560182,3
21fa130a-b2f3-40da-bec5-026492a3826e,24825f3f-211d-4cf5-a2ea-23c5d4768cdd,30-34,Rural,221.00,#ea580c,2025-11-27 14:41:04.037511,0
8f7daf57-62d4-4c7e-8026-7deb6b31c8f0,24825f3f-211d-4cf5-a2ea-23c5d4768cdd,35-39,Rural,154.00,#ea580c,2025-11-27 14:41:04.037511,0
5af0a43d-1cf3-4d36-a4dc-ce83da4c82ed,24825f3f-211d-4cf5-a2ea-23c5d4768cdd,40-44,Rural,97.00,#ea580c,2025-11-27 14:41:04.037511,0
09aa935a-f351-4a27-95d7-316d37aab1a4,24825f3f-211d-4cf5-a2ea-23c5d4768cdd,45-49,Rural,48.00,#ea580c,2025-11-27 14:41:04.037511,0
1bf729a9-0d17-4363-b53e-535516e6d658,24825f3f-211d-4cf5-a2ea-23c5d4768cdd,15-19,Urban,50.00,#0284c7,2025-11-27 14:41:04.037511,0
568f4c97-0a43-40d8-9527-094c47b01801,24825f3f-211d-4cf5-a2ea-23c5d4768cdd,20-24,Urban,156.00,#0284c7,2025-11-27 14:41:04.037511,0
0b22f6c3-3a4c-4cc4-9d30-604661154ec2,24825f3f-211d-4cf5-a2ea-23c5d4768cdd,25-29,Urban,215.00,#0284c7,2025-11-27 14:41:04.037511,0
006060cb-cd1e-4e48-bdfd-ad66d831f796,24825f3f-211d-4cf5-a2ea-23c5d4768cdd,30-34,Urban,180.00,#0284c7,2025-11-27 14:41:04.037511,0
61c40174-0192-4498-a8c5-8b8ce19823f1,24825f3f-211d-4cf5-a2ea-23c5d4768cdd,35-39,Urban,115.00,#0284c7,2025-11-27 14:41:04.037511,0
93e34696-3e63-41b5-b572-6a208a01a58a,24825f3f-211d-4cf5-a2ea-23c5d4768cdd,40-44,Urban,49.00,#0284c7,2025-11-27 14:41:04.037511,0
539166c8-675d-47a6-b621-8b478259ef51,24825f3f-211d-4cf5-a2ea-23c5d4768cdd,45-49,Urban,19.00,#0284c7,2025-11-27 14:41:04.037511,0
8cbe79bb-d3d9-4cc5-b0ea-a60eb3198c3d,746c9911-0079-4ccc-9887-2a3a92b67ded,National,Age,21.30,#64748b,2025-11-27 14:49:18.721751,0
90daa568-ad6b-42a1-8b0a-1cee7421c901,746c9911-0079-4ccc-9887-2a3a92b67ded,Urban,Age,22.90,#0284c7,2025-11-27 14:49:18.721751,0
3f283832-b55d-485e-bcd6-971652621499,746c9911-0079-4ccc-9887-2a3a92b67ded,Rural,Age,20.60,#ea580c,2025-11-27 14:49:18.721751,0
aebd1308-9f31-4e9c-af25-e46bc1e971e8,d58480b7-b928-4514-a3bb-e057433cc968,Soon,Preference,28.00,#10b981,2025-11-27 14:49:18.721751,0
672f5c0b-049e-4fe3-aa82-de7d2930b842,d58480b7-b928-4514-a3bb-e057433cc968,Later,Preference,33.00,#3b82f6,2025-11-27 14:49:18.721751,0
b7bbe2c6-ccaa-4bd9-bbef-5a8fa822cfb5,d58480b7-b928-4514-a3bb-e057433cc968,Undecided,Preference,1.00,#f59e0b,2025-11-27 14:49:18.721751,0
52eeddd3-3cb5-47e8-b5e3-de713488db2b,d58480b7-b928-4514-a3bb-e057433cc968,No More,Preference,27.00,#ef4444,2025-11-27 14:49:18.721751,0
5486f259-517a-4fc1-9fa0-2b31c193fd14,d58480b7-b928-4514-a3bb-e057433cc968,Sterilize,Preference,0.40,#6b7280,2025-11-27 14:49:18.721751,0
99b6cd60-ad8d-4763-90bd-c0bbfe3c39cd,d58480b7-b928-4514-a3bb-e057433cc968,Infecund,Preference,2.10,#94a3b8,2025-11-27 14:49:18.721751,0
977211cb-0bfc-496e-a154-6a7f82318b58,c2c02584-ff9e-4a9b-8f5b-1743092ea074,61+,Percentage,16.30,#16a34a,2025-12-20 12:30:55.560182,4
e4487d64-8e7f-40a3-b4d8-ca3389ec8711,af75cd61-60e9-46a4-9f3b-b874013e4f62,Male,Percentage,83.50,#16a34a,2025-12-20 12:30:55.560182,1
560e69f9-3b9c-4c43-bb04-9cb67d5e3a63,af75cd61-60e9-46a4-9f3b-b874013e4f62,Female,Percentage,16.50,#16a34a,2025-12-20 12:30:55.560182,2
2ddd0997-4c12-496a-814a-56b97d5dce98,1648d022-dbca-472d-bdc5-c7f4bb8690b7,Urban,Percentage,46.10,#16a34a,2025-12-20 12:30:55.560182,1
6119d00a-9ed8-4d81-94ef-fb360c24638d,1648d022-dbca-472d-bdc5-c7f4bb8690b7,Rural,Percentage,53.90,#16a34a,2025-12-20 12:30:55.560182,2
73af1394-2b9e-4d42-8a1e-64e52395fe8e,bd8515f3-5a47-4280-b792-9cefeea28cbb,North Central,Percentage,14.90,#16a34a,2025-12-20 12:30:55.560182,1
57edffe9-49a4-4639-be0f-9419287d3410,bd8515f3-5a47-4280-b792-9cefeea28cbb,North East,Percentage,12.90,#16a34a,2025-12-20 12:30:55.560182,2
920307e9-65e8-4c1d-8159-60ce9523ed05,bd8515f3-5a47-4280-b792-9cefeea28cbb,North West,Percentage,24.80,#16a34a,2025-12-20 12:30:55.560182,3
d1747cb2-1c27-45d5-98ce-e6897643ca5a,bd8515f3-5a47-4280-b792-9cefeea28cbb,South East,Percentage,11.60,#16a34a,2025-12-20 12:30:55.560182,4
e257aa18-a6c6-426f-bad0-8ef46e1a632c,bd8515f3-5a47-4280-b792-9cefeea28cbb,South South,Percentage,14.70,#16a34a,2025-12-20 12:30:55.560182,5
a0ccf843-c53e-4674-82ec-9798f24c0947,bd8515f3-5a47-4280-b792-9cefeea28cbb,South West,Percentage,21.10,#16a34a,2025-12-20 12:30:55.560182,6
3cd69c96-eaf0-47ad-9210-9c10f7430d1c,878cd16b-6e87-436b-b036-1289351bbdeb,Adamawa,Percentage,2.20,#16a34a,2025-12-20 12:30:55.560182,1
f89bcff1-5a8b-4ce3-8325-684c0d6c9e7d,878cd16b-6e87-436b-b036-1289351bbdeb,Bauchi,Percentage,3.40,#16a34a,2025-12-20 12:30:55.560182,2
52b59ee6-13d9-44ba-aa83-8c8fc6cb2689,878cd16b-6e87-436b-b036-1289351bbdeb,Borno,Percentage,2.80,#16a34a,2025-12-20 12:30:55.560182,3
7e482019-ee0e-48da-9da0-b59bc2a2af4d,878cd16b-6e87-436b-b036-1289351bbdeb,Ebonyi,Percentage,1.80,#16a34a,2025-12-20 12:30:55.560182,4
eb25b410-978f-4f9c-bba0-e7e7bc6c1d1a,878cd16b-6e87-436b-b036-1289351bbdeb,Gombe,Percentage,1.60,#16a34a,2025-12-20 12:30:55.560182,5
c62d68bb-dd54-444a-92f7-fff3f46d55f1,878cd16b-6e87-436b-b036-1289351bbdeb,Jigawa,Percentage,3.00,#16a34a,2025-12-20 12:30:55.560182,6
47fea931-314c-461b-ad14-3d6a7cfa6164,878cd16b-6e87-436b-b036-1289351bbdeb,Kaduna,Percentage,3.90,#16a34a,2025-12-20 12:30:55.560182,7
21232e70-55f7-4499-a3ef-e9912cf21607,878cd16b-6e87-436b-b036-1289351bbdeb,Kano,Percentage,6.20,#16a34a,2025-12-20 12:30:55.560182,8
106dbb27-ea91-4b8e-8bb6-d6dcfb676bd5,878cd16b-6e87-436b-b036-1289351bbdeb,Katsina,Percentage,4.10,#16a34a,2025-12-20 12:30:55.560182,9
dea362dd-89c4-41e1-ad9f-20693195a4bf,878cd16b-6e87-436b-b036-1289351bbdeb,Kebbi,Percentage,2.40,#16a34a,2025-12-20 12:30:55.560182,10
612c6eec-aedd-40eb-b0d0-1a336ecf5bfc,878cd16b-6e87-436b-b036-1289351bbdeb,Niger,Percentage,2.70,#16a34a,2025-12-20 12:30:55.560182,11
e65ca8fd-15e6-4252-828c-749e7bf87eb0,878cd16b-6e87-436b-b036-1289351bbdeb,Oyo,Percentage,4.20,#16a34a,2025-12-20 12:30:55.560182,12
8de8e951-2041-4ca7-9739-59132e015502,878cd16b-6e87-436b-b036-1289351bbdeb,Rivers,Percentage,3.80,#16a34a,2025-12-20 12:30:55.560182,13
721284d3-9cc8-4e01-8522-1d88bf9fbc68,878cd16b-6e87-436b-b036-1289351bbdeb,Sokoto,Percentage,2.90,#16a34a,2025-12-20 12:30:55.560182,14
ad9a7dd5-e4c5-4807-b76b-5f8963dab167,878cd16b-6e87-436b-b036-1289351bbdeb,Taraba,Percentage,1.50,#16a34a,2025-12-20 12:30:55.560182,15
de7c5f76-fe31-4f1b-9304-7e970551383d,878cd16b-6e87-436b-b036-1289351bbdeb,Yobe,Percentage,1.50,#16a34a,2025-12-20 12:30:55.560182,16
5c264f61-a51c-458b-b669-807fec446e78,878cd16b-6e87-436b-b036-1289351bbdeb,Zamfara,Percentage,2.10,#16a34a,2025-12-20 12:30:55.560182,17
40c936c5-2173-4e5f-92e7-74c1760d0972,8d48fbdb-30bf-4347-91f3-2ff710d449c9,Male,Percentage,46.90,#16a34a,2025-12-20 13:09:18.004033,1
e445ce21-6816-482d-880a-9b0a6f90cd6d,8d48fbdb-30bf-4347-91f3-2ff710d449c9,Female,Percentage,40.90,#16a34a,2025-12-20 13:09:18.004033,2
383da9ae-8b7a-41d8-82b8-89b58d9d0ae3,8d48fbdb-30bf-4347-91f3-2ff710d449c9,Total,Percentage,43.90,#16a34a,2025-12-20 13:09:18.004033,3
6c2079cd-4949-4de4-bd68-c1519feb40ea,afcb6274-ed98-4e2c-b243-ee93ba0c2ecf,Urban,Percentage,61.20,#16a34a,2025-12-20 13:09:18.004033,1
a2037064-83d9-42c9-ab35-28124c013f83,afcb6274-ed98-4e2c-b243-ee93ba0c2ecf,Rural,Percentage,30.20,#16a34a,2025-12-20 13:09:18.004033,2
713e09e7-7185-4b6b-88b1-e8d47cdf6410,c66105d9-4605-49d1-90ef-ba34c88c2b5a,Lowest,Percentage,7.50,#16a34a,2025-12-20 13:09:18.004033,1
9519b7b1-6339-43c5-b4d9-675c6250fb3b,c66105d9-4605-49d1-90ef-ba34c88c2b5a,Second,Percentage,12.70,#16a34a,2025-12-20 13:09:18.004033,2
a29d3896-8f58-4eb8-802e-d578c497356f,c66105d9-4605-49d1-90ef-ba34c88c2b5a,Middle,Percentage,27.40,#16a34a,2025-12-20 13:09:18.004033,3
6b9d2209-f328-4018-ba3a-1f60f33d69ba,c66105d9-4605-49d1-90ef-ba34c88c2b5a,Fourth,Percentage,57.00,#16a34a,2025-12-20 13:09:18.004033,4
b4f50be9-eaef-406a-9c94-1d770f48061e,c66105d9-4605-49d1-90ef-ba34c88c2b5a,Highest,Percentage,74.60,#16a34a,2025-12-20 13:09:18.004033,5
5eafdba3-750a-428d-a3af-55e4e3756ed7,29bdd20a-92c2-44c4-b306-703abb333afa,North Central,Percentage,40.40,#16a34a,2025-12-20 13:09:18.004033,1
22e0bbe7-fe76-46cf-aff7-16ec7aa10ec5,29bdd20a-92c2-44c4-b306-703abb333afa,North East,Percentage,16.40,#16a34a,2025-12-20 13:09:18.004033,2
8275f70a-a203-4f36-9390-09ce459b7f40,29bdd20a-92c2-44c4-b306-703abb333afa,North West,Percentage,17.00,#16a34a,2025-12-20 13:09:18.004033,3
990f6d7e-bb77-4182-8caf-aadc77e097ae,29bdd20a-92c2-44c4-b306-703abb333afa,South East,Percentage,85.70,#16a34a,2025-12-20 13:09:18.004033,4
45fe8d87-21fd-424d-bd55-c9a8924a3b01,29bdd20a-92c2-44c4-b306-703abb333afa,South South,Percentage,63.60,#16a34a,2025-12-20 13:09:18.004033,5
e9a0899b-9e09-4f15-97e4-8a5261a07ea3,29bdd20a-92c2-44c4-b306-703abb333afa,South West,Percentage,78.20,#16a34a,2025-12-20 13:09:18.004033,6
8b5b7809-198c-444f-929b-9e6fd6c1b9f5,2dead382-1cc0-4bac-8d6b-abb92a87f0ef,Adamawa,Percentage,25.30,#16a34a,2025-12-20 13:09:18.004033,1
615cb1d2-0a77-46bb-8242-aa306b2ff10b,2dead382-1cc0-4bac-8d6b-abb92a87f0ef,Bauchi,Percentage,11.10,#16a34a,2025-12-20 13:09:18.004033,2
9c1ff006-fbf3-43df-a571-8639c81c9f0b,2dead382-1cc0-4bac-8d6b-abb92a87f0ef,Borno,Percentage,14.10,#16a34a,2025-12-20 13:09:18.004033,3
cdfc680d-3ad6-4c72-af12-4276d9ed6476,2dead382-1cc0-4bac-8d6b-abb92a87f0ef,Ebonyi,Percentage,53.70,#16a34a,2025-12-20 13:09:18.004033,4
8a5c75f6-57e5-42fa-9bfd-4b356a9d4829,2dead382-1cc0-4bac-8d6b-abb92a87f0ef,Gombe,Percentage,14.10,#16a34a,2025-12-20 13:09:18.004033,5
eda1b19d-2e0d-41d5-ba98-946ab5510ef3,2dead382-1cc0-4bac-8d6b-abb92a87f0ef,Jigawa,Percentage,12.70,#16a34a,2025-12-20 13:09:18.004033,6
af7e8aae-6616-4042-a109-74f64a11619f,2dead382-1cc0-4bac-8d6b-abb92a87f0ef,Kaduna,Percentage,42.20,#16a34a,2025-12-20 13:09:18.004033,7
d540c0a3-4995-4949-8fcb-4d5fde01afa6,2dead382-1cc0-4bac-8d6b-abb92a87f0ef,Kano,Percentage,19.00,#16a34a,2025-12-20 13:09:18.004033,8
d2c14ee6-0c29-4001-8c72-1c594b1b320f,2dead382-1cc0-4bac-8d6b-abb92a87f0ef,Katsina,Percentage,14.60,#16a34a,2025-12-20 13:09:18.004033,9
d8c5af0d-4b14-481a-9fc8-d126cf7cfaf5,2dead382-1cc0-4bac-8d6b-abb92a87f0ef,Kebbi,Percentage,8.00,#16a34a,2025-12-20 13:09:18.004033,10
106c768d-b5d3-4403-afa4-4848dc130e53,2dead382-1cc0-4bac-8d6b-abb92a87f0ef,Niger,Percentage,20.20,#16a34a,2025-12-20 13:09:18.004033,11
6af1447a-855c-4c1e-ad6d-9b256b81d641,2dead382-1cc0-4bac-8d6b-abb92a87f0ef,Oyo,Percentage,62.90,#16a34a,2025-12-20 13:09:18.004033,12
aeb476b4-83f2-4211-aba0-4342ceb21afc,2dead382-1cc0-4bac-8d6b-abb92a87f0ef,Rivers,Percentage,62.50,#16a34a,2025-12-20 13:09:18.004033,13
33ce8a68-a4b1-4de7-8102-0de1bb93d10e,2dead382-1cc0-4bac-8d6b-abb92a87f0ef,Sokoto,Percentage,8.70,#16a34a,2025-12-20 13:09:18.004033,14
d742e04d-391e-48be-bb3c-ea6b5ed73e89,2dead382-1cc0-4bac-8d6b-abb92a87f0ef,Taraba,Percentage,32.10,#16a34a,2025-12-20 13:09:18.004033,15
3733a0b7-d5ee-4af8-a742-ab4568b239a9,2dead382-1cc0-4bac-8d6b-abb92a87f0ef,Yobe,Percentage,9.00,#16a34a,2025-12-20 13:09:18.004033,16
e95c2a7e-67e2-4d0c-a3ed-67e27d31df82,2dead382-1cc0-4bac-8d6b-abb92a87f0ef,Zamfara,Percentage,7.40,#16a34a,2025-12-20 13:09:18.004033,17
032f8e6c-8e50-460f-9527-b9bf15fe8eee,6ac17bf4-e430-42d6-a00d-eb2ad9458ed9,Urban,Percentage,56.20,#16a34a,2025-12-20 13:12:47.6407,1
f3d4888a-1456-497c-82da-c9f41506dbfe,6ac17bf4-e430-42d6-a00d-eb2ad9458ed9,Rural,Percentage,34.20,#16a34a,2025-12-20 13:12:47.6407,2
4490f6ae-6b3e-4b39-b764-bdba5f58aff8,bc26edaf-c9d6-41b9-91f2-3d49fbb3160f,Lowest,Percentage,9.80,#16a34a,2025-12-20 13:12:47.6407,1
3173e7ad-62fc-4c51-acbc-fac46cdae0f7,bc26edaf-c9d6-41b9-91f2-3d49fbb3160f,Second,Percentage,24.30,#16a34a,2025-12-20 13:12:47.6407,2
88a7e357-0d11-4e6f-afa4-1cc8ee63ee79,bc26edaf-c9d6-41b9-91f2-3d49fbb3160f,Middle,Percentage,35.30,#16a34a,2025-12-20 13:12:47.6407,3
72510293-921c-4560-9eb6-54021dc9e89c,bc26edaf-c9d6-41b9-91f2-3d49fbb3160f,Fourth,Percentage,51.00,#16a34a,2025-12-20 13:12:47.6407,4
9c36acf1-e67a-4e69-aa7a-450a9a2b6934,bc26edaf-c9d6-41b9-91f2-3d49fbb3160f,Highest,Percentage,63.60,#16a34a,2025-12-20 13:12:47.6407,5
e29d5b86-1166-46ce-ab68-0f953d2dce9e,03434f4b-884e-408d-b4cd-7636e9937ce9,North Central,Percentage,46.90,#16a34a,2025-12-20 13:12:47.6407,1
4f53e73f-3c29-4c41-9eaa-3dc7379ab3c7,03434f4b-884e-408d-b4cd-7636e9937ce9,North East,Percentage,29.00,#16a34a,2025-12-20 13:12:47.6407,2
7d2967e0-e403-4660-9ade-aa707c677b2c,03434f4b-884e-408d-b4cd-7636e9937ce9,North West,Percentage,32.10,#16a34a,2025-12-20 13:12:47.6407,3
c0cec26e-2156-4659-a0ab-bc03a8bee353,03434f4b-884e-408d-b4cd-7636e9937ce9,South East,Percentage,50.40,#16a34a,2025-12-20 13:12:47.6407,4
e896a239-ebdd-45ff-a869-fbc076558ca9,03434f4b-884e-408d-b4cd-7636e9937ce9,South South,Percentage,49.90,#16a34a,2025-12-20 13:12:47.6407,5
b3b2376e-c083-4397-badb-3e7183b42fda,03434f4b-884e-408d-b4cd-7636e9937ce9,South West,Percentage,70.60,#16a34a,2025-12-20 13:12:47.6407,6
9ba4a683-78f3-4314-8824-bc5243211867,8d948afd-a06f-4d77-a63c-1129bbea03e8,Adamawa,Percentage,38.60,#16a34a,2025-12-20 13:12:47.6407,1
4429b93c-cb04-48aa-9c8c-969fb17077c0,8d948afd-a06f-4d77-a63c-1129bbea03e8,Bauchi,Percentage,22.90,#16a34a,2025-12-20 13:12:47.6407,2
37cec473-58c4-4894-bd6b-5bde30b5a941,8d948afd-a06f-4d77-a63c-1129bbea03e8,Borno,Percentage,31.00,#16a34a,2025-12-20 13:12:47.6407,3
9710079b-6872-400a-bb25-0f8ce1ba73fb,8d948afd-a06f-4d77-a63c-1129bbea03e8,Ebonyi,Percentage,24.70,#16a34a,2025-12-20 13:12:47.6407,4
0192dd4a-9763-4e52-a31a-1dd76256a72b,8d948afd-a06f-4d77-a63c-1129bbea03e8,Gombe,Percentage,29.50,#16a34a,2025-12-20 13:12:47.6407,5
1ccf060a-fa48-4865-bf67-fa9283f00069,8d948afd-a06f-4d77-a63c-1129bbea03e8,Jigawa,Percentage,26.50,#16a34a,2025-12-20 13:12:47.6407,6
9186df4f-d6d4-4044-8ba9-b3ef3666ca60,8d948afd-a06f-4d77-a63c-1129bbea03e8,Kaduna,Percentage,45.10,#16a34a,2025-12-20 13:12:47.6407,7
12b5bf91-4e35-477d-b298-bbe08f016929,8d948afd-a06f-4d77-a63c-1129bbea03e8,Kano,Percentage,37.60,#16a34a,2025-12-20 13:12:47.6407,8
652e5870-8313-422f-b075-991bef5683ea,8d948afd-a06f-4d77-a63c-1129bbea03e8,Katsina,Percentage,32.70,#16a34a,2025-12-20 13:12:47.6407,9
6a216b8c-3174-4ca5-8eeb-1b602e04ad4b,8d948afd-a06f-4d77-a63c-1129bbea03e8,Kebbi,Percentage,19.20,#16a34a,2025-12-20 13:12:47.6407,10
f80846a5-23ca-402b-afc9-5220f711a482,8d948afd-a06f-4d77-a63c-1129bbea03e8,Niger,Percentage,32.90,#16a34a,2025-12-20 13:12:47.6407,11
0dbfcfb4-0303-4284-a867-70baeeb51cbe,8d948afd-a06f-4d77-a63c-1129bbea03e8,Oyo,Percentage,58.70,#16a34a,2025-12-20 13:12:47.6407,12
7ddb989b-93ca-4c5b-a613-7f4b8ba5c7af,8d948afd-a06f-4d77-a63c-1129bbea03e8,Rivers,Percentage,65.70,#16a34a,2025-12-20 13:12:47.6407,13
961dd872-a2be-48b5-a8a9-5bfbe0ff0a9b,8d948afd-a06f-4d77-a63c-1129bbea03e8,Sokoto,Percentage,20.90,#16a34a,2025-12-20 13:12:47.6407,14
93a79576-f473-4827-803e-f71556f976d7,8d948afd-a06f-4d77-a63c-1129bbea03e8,Taraba,Percentage,38.10,#16a34a,2025-12-20 13:12:47.6407,15
769af11b-d3fd-4c0a-8f43-14841c44d003,8d948afd-a06f-4d77-a63c-1129bbea03e8,Yobe,Percentage,19.10,#16a34a,2025-12-20 13:12:47.6407,16
89fe7129-4a40-43d2-8538-dca235322d7e,8d948afd-a06f-4d77-a63c-1129bbea03e8,Zamfara,Percentage,28.40,#16a34a,2025-12-20 13:12:47.6407,17
31a39bd2-5345-4e5c-8646-e91eff57a8ce,dc9090f4-e285-4a66-b732-61cd310c505a,Primary 1,Percentage,31.90,#16a34a,2025-12-20 13:13:46.807273,1
558de2e5-445b-434c-8873-70ae4020aba2,dc9090f4-e285-4a66-b732-61cd310c505a,Primary 2,Percentage,27.90,#16a34a,2025-12-20 13:13:46.807273,2
c78e0b2a-4625-4299-b708-62ab27373114,dc9090f4-e285-4a66-b732-61cd310c505a,Primary 3,Percentage,26.20,#16a34a,2025-12-20 13:13:46.807273,3
73ba012a-cc22-4d77-a036-c60f859ce8c6,dc9090f4-e285-4a66-b732-61cd310c505a,Primary 4,Percentage,19.20,#16a34a,2025-12-20 13:13:46.807273,4
0ae1dadb-9f59-4364-8981-6477b96dbe65,dc9090f4-e285-4a66-b732-61cd310c505a,Primary 5,Percentage,30.00,#16a34a,2025-12-20 13:13:46.807273,5
496d8675-67db-4bc9-9672-00525240fc81,dc9090f4-e285-4a66-b732-61cd310c505a,Primary 6,Percentage,28.00,#16a34a,2025-12-20 13:13:46.807273,6
912cb29a-473c-4733-9d9a-69b977317860,4ab113d0-46d1-4e01-8182-2c6d0aeff70f,Primary 1,Percentage,52.20,#16a34a,2025-12-20 13:13:46.807273,1
51613343-654c-4e61-a125-a1baf3a2470a,4ab113d0-46d1-4e01-8182-2c6d0aeff70f,Primary 2,Percentage,52.40,#16a34a,2025-12-20 13:13:46.807273,2
2d53ad1a-2b83-4f2a-aeb7-c961ae6b69bf,4ab113d0-46d1-4e01-8182-2c6d0aeff70f,Primary 3,Percentage,49.80,#16a34a,2025-12-20 13:13:46.807273,3
e0b54048-0c97-4369-a2d0-e83a756985b0,4ab113d0-46d1-4e01-8182-2c6d0aeff70f,Primary 4,Percentage,51.80,#16a34a,2025-12-20 13:13:46.807273,4
5e751480-396f-4375-a4e5-3c5043cb7c21,4ab113d0-46d1-4e01-8182-2c6d0aeff70f,Primary 5,Percentage,42.60,#16a34a,2025-12-20 13:13:46.807273,5
9c667c88-ef30-4568-8e18-ba10ec6927c0,4ab113d0-46d1-4e01-8182-2c6d0aeff70f,Primary 6,Percentage,49.30,#16a34a,2025-12-20 13:13:46.807273,6
14146ca2-a6de-4934-8687-03d6639a8bf3,dea2e44a-17b0-4de4-afe1-ab3df4d1f439,Primary 1,Percentage,15.90,#16a34a,2025-12-20 13:13:46.807273,1
10af9a7c-b16b-42cc-8749-7416fbc3a87f,dea2e44a-17b0-4de4-afe1-ab3df4d1f439,Primary 2,Percentage,19.70,#16a34a,2025-12-20 13:13:46.807273,2
856fbc94-e36e-4f0d-83c0-1b83e244fe0e,dea2e44a-17b0-4de4-afe1-ab3df4d1f439,Primary 3,Percentage,24.00,#16a34a,2025-12-20 13:13:46.807273,3
ceb69f7d-95b8-44e6-9931-aa30b44989b6,dea2e44a-17b0-4de4-afe1-ab3df4d1f439,Primary 4,Percentage,29.00,#16a34a,2025-12-20 13:13:46.807273,4
62dbde68-8bb4-4fa1-97c0-f9c730da04b2,dea2e44a-17b0-4de4-afe1-ab3df4d1f439,Primary 5,Percentage,27.40,#16a34a,2025-12-20 13:13:46.807273,5
ebae96d8-0c3c-41bd-83ea-9a47fe26debb,dea2e44a-17b0-4de4-afe1-ab3df4d1f439,Primary 6,Percentage,22.70,#16a34a,2025-12-20 13:13:46.807273,6
3a6dd517-b456-46c8-a7ce-f91b7452078d,7eb2c78c-75d8-4bc3-b482-7a20b39f8d18,JSS 1,Percentage,44.10,#16a34a,2025-12-20 13:13:46.807273,1
258630d8-c5a8-40f4-8f87-e138aac02402,7eb2c78c-75d8-4bc3-b482-7a20b39f8d18,JSS 2,Percentage,38.60,#16a34a,2025-12-20 13:13:46.807273,2
89920e7f-3e57-463b-ad4c-a8c3ad154885,7eb2c78c-75d8-4bc3-b482-7a20b39f8d18,JSS 3,Percentage,48.10,#16a34a,2025-12-20 13:13:46.807273,3
b251a7b8-9126-4c47-8f41-7a78bd335221,837658e7-ca3b-4dc9-bd5f-27620cacc0fb,JSS 1,Percentage,41.10,#16a34a,2025-12-20 13:13:46.807273,1
5fa76936-a848-45d8-a5c9-aea8482a53bc,837658e7-ca3b-4dc9-bd5f-27620cacc0fb,JSS 2,Percentage,45.50,#16a34a,2025-12-20 13:13:46.807273,2
56761bae-559d-4e27-a49e-b7171992bcab,837658e7-ca3b-4dc9-bd5f-27620cacc0fb,JSS 3,Percentage,37.60,#16a34a,2025-12-20 13:13:46.807273,3
2e5a5f78-2651-4de0-9dec-96e98ceaf27b,3499ff8c-92bb-4edd-8f4b-3b0344b3d6bf,JSS 1,Percentage,14.90,#16a34a,2025-12-20 13:13:46.807273,1
e7dd8ea7-cf68-48bf-9b48-93429bd15098,3499ff8c-92bb-4edd-8f4b-3b0344b3d6bf,JSS 2,Percentage,15.90,#16a34a,2025-12-20 13:13:46.807273,2
9967eeb0-f4bc-4b73-b6e5-448cb919f4c0,3499ff8c-92bb-4edd-8f4b-3b0344b3d6bf,JSS 3,Percentage,14.40,#16a34a,2025-12-20 13:13:46.807273,3
f8d7b7e5-baa1-41ba-b1ea-d381d665e5dc,5a6a5628-0ac7-4c3a-b979-5eeaf394ea22,4-5 years,Percentage,16.40,#16a34a,2025-12-20 13:34:19.439451,1
79f27d5c-4219-4c40-ba6a-c4d985a3754b,5a6a5628-0ac7-4c3a-b979-5eeaf394ea22,6-11 years,Percentage,47.80,#16a34a,2025-12-20 13:34:19.439451,2
25c67605-26df-4362-a6ae-7a19f882f09d,5a6a5628-0ac7-4c3a-b979-5eeaf394ea22,12-14 years,Percentage,67.70,#16a34a,2025-12-20 13:34:19.439451,3
2589a291-c84b-4387-a85d-cd40fcad95e8,5a6a5628-0ac7-4c3a-b979-5eeaf394ea22,15-16 years,Percentage,73.10,#16a34a,2025-12-20 13:34:19.439451,4
9aed2064-4557-413f-bba6-0e141887a293,0b0f435e-6055-4f4b-b336-4160366308bc,Urban,Percentage,66.40,#16a34a,2025-12-20 13:34:19.439451,1
0df9d989-dbc8-4402-9563-4f741eb0c907,0b0f435e-6055-4f4b-b336-4160366308bc,Rural,Percentage,37.00,#16a34a,2025-12-20 13:34:19.439451,2
16fce7c7-5e3e-487a-97aa-43de9ea497a5,9e1b16fa-3189-4656-99a6-464f0540b223,No Schooling,Percentage,10.80,#16a34a,2025-12-20 13:34:19.439451,1
102954d0-f72c-4273-9908-011586eb13cf,9e1b16fa-3189-4656-99a6-464f0540b223,Pre-Primary,Percentage,26.30,#16a34a,2025-12-20 13:34:19.439451,2
820a9ee5-0870-44ca-95d5-94f704df727a,9e1b16fa-3189-4656-99a6-464f0540b223,Primary,Percentage,56.10,#16a34a,2025-12-20 13:34:19.439451,3
d901a42a-8a27-4378-96d4-c580c06741f1,9e1b16fa-3189-4656-99a6-464f0540b223,Senior Secondary & Higher,Percentage,91.70,#16a34a,2025-12-20 13:34:19.439451,4
10696834-18aa-47e9-a3f9-cddd940c1cb3,413e119b-c77c-4700-8fe3-81ce55ab86cc,Lowest,Percentage,12.50,#16a34a,2025-12-20 13:34:19.439451,1
9835c6d1-6c7f-4dff-bee2-a68532fe9534,413e119b-c77c-4700-8fe3-81ce55ab86cc,Second,Percentage,24.00,#16a34a,2025-12-20 13:34:19.439451,2
e5d3e069-0842-402c-9633-6ef65a582261,413e119b-c77c-4700-8fe3-81ce55ab86cc,Middle,Percentage,37.50,#16a34a,2025-12-20 13:34:19.439451,3
f8e15d81-c54a-4566-a219-deda5cdaa10e,413e119b-c77c-4700-8fe3-81ce55ab86cc,Fourth,Percentage,61.30,#16a34a,2025-12-20 13:34:19.439451,4
3fef0876-8157-4b87-82d7-5b80979f9ead,413e119b-c77c-4700-8fe3-81ce55ab86cc,Highest,Percentage,76.40,#16a34a,2025-12-20 13:34:19.439451,5
59ff7a0b-d9e6-41d6-8dde-f4ced018daca,c68db925-5f9a-4248-b825-34cd8bf03c4a,North Central,Percentage,43.50,#16a34a,2025-12-20 13:34:19.439451,1
44e9a599-70d8-4c0f-8902-b0dae3ea2725,c68db925-5f9a-4248-b825-34cd8bf03c4a,North East,Percentage,30.10,#16a34a,2025-12-20 13:34:19.439451,2
72e11452-9017-449e-9ac6-85a4dfdd7e90,c68db925-5f9a-4248-b825-34cd8bf03c4a,North West,Percentage,28.20,#16a34a,2025-12-20 13:34:19.439451,3
9cade3c3-902f-4f18-864b-5a846575206f,c68db925-5f9a-4248-b825-34cd8bf03c4a,South East,Percentage,69.10,#16a34a,2025-12-20 13:34:19.439451,4
9d3edc56-a7e5-41d0-b28e-87e843f470d5,c68db925-5f9a-4248-b825-34cd8bf03c4a,South South,Percentage,79.90,#16a34a,2025-12-20 13:34:19.439451,5
3422b2d7-eec0-4303-a387-067570759e72,c68db925-5f9a-4248-b825-34cd8bf03c4a,South West,Percentage,81.30,#16a34a,2025-12-20 13:34:19.439451,6
f2d526be-5249-44c2-8eb3-8dceefdf7e79,de7998f0-3289-4e38-9def-9da7fd8b285b,Adamawa,Percentage,39.50,#16a34a,2025-12-20 13:34:19.439451,1
d2e0a742-d10d-44e6-89d1-fc543650b8b8,de7998f0-3289-4e38-9def-9da7fd8b285b,Bauchi,Percentage,20.30,#16a34a,2025-12-20 13:34:19.439451,2
320221e9-38d4-44c5-ac8a-e24c1cc12ff0,de7998f0-3289-4e38-9def-9da7fd8b285b,Borno,Percentage,38.50,#16a34a,2025-12-20 13:34:19.439451,3
19b4ad95-3e01-4842-a1fd-ba4263d90b91,de7998f0-3289-4e38-9def-9da7fd8b285b,Ebonyi,Percentage,55.60,#16a34a,2025-12-20 13:34:19.439451,4
7e7056ef-32a8-420b-8e0e-be334c606856,de7998f0-3289-4e38-9def-9da7fd8b285b,Gombe,Percentage,28.90,#16a34a,2025-12-20 13:34:19.439451,5
38a93175-f96d-45fd-83f1-f0872c5545c2,de7998f0-3289-4e38-9def-9da7fd8b285b,Jigawa,Percentage,20.30,#16a34a,2025-12-20 13:34:19.439451,6
6b2d5fa3-665e-4fed-a632-185458138399,de7998f0-3289-4e38-9def-9da7fd8b285b,Kaduna,Percentage,52.10,#16a34a,2025-12-20 13:34:19.439451,7
d23fe25f-c0b6-4ea5-9d05-dfcada8057eb,de7998f0-3289-4e38-9def-9da7fd8b285b,Kano,Percentage,31.50,#16a34a,2025-12-20 13:34:19.439451,8
daa7ce01-4c3e-4332-bb63-44be7611b4aa,de7998f0-3289-4e38-9def-9da7fd8b285b,Katsina,Percentage,22.80,#16a34a,2025-12-20 13:34:19.439451,9
5a8e0a6e-dd60-4cfe-98bf-def5467dd0b7,de7998f0-3289-4e38-9def-9da7fd8b285b,Kebbi,Percentage,21.70,#16a34a,2025-12-20 13:34:19.439451,10
42a5622b-2742-4a34-a045-b6a303d3ac4a,de7998f0-3289-4e38-9def-9da7fd8b285b,Niger,Percentage,38.30,#16a34a,2025-12-20 13:34:19.439451,11
adaa205a-8f2a-4c89-9a93-8fcb71f71b3c,de7998f0-3289-4e38-9def-9da7fd8b285b,Oyo,Percentage,66.90,#16a34a,2025-12-20 13:34:19.439451,12
b248c71f-341b-471a-bcca-151d8f23c7fa,de7998f0-3289-4e38-9def-9da7fd8b285b,Rivers,Percentage,82.30,#16a34a,2025-12-20 13:34:19.439451,13
df5ebf6a-8f16-4a77-8d8a-2330ebd0e555,de7998f0-3289-4e38-9def-9da7fd8b285b,Sokoto,Percentage,19.80,#16a34a,2025-12-20 13:34:19.439451,14
2f4008ce-88f8-4238-9c7b-7f0b1efe0f0b,de7998f0-3289-4e38-9def-9da7fd8b285b,Taraba,Percentage,39.20,#16a34a,2025-12-20 13:34:19.439451,15
0a3ede22-b3e7-4941-9021-4ee273d6fd57,de7998f0-3289-4e38-9def-9da7fd8b285b,Yobe,Percentage,21.50,#16a34a,2025-12-20 13:34:19.439451,16
0ea8e271-eb73-407f-a528-ab6bcf12a77c,de7998f0-3289-4e38-9def-9da7fd8b285b,Zamfara,Percentage,22.10,#16a34a,2025-12-20 13:34:19.439451,17
8c7b1865-be18-4d8f-a885-64a68eab584c,5f4584ee-9aa6-42fb-8ba9-373884b917bf,4-5 years,Percentage,13.10,#16a34a,2025-12-20 13:35:09.349237,1
f1a02ab2-7a58-412a-ad31-fc9df670e468,5f4584ee-9aa6-42fb-8ba9-373884b917bf,6-11 years,Percentage,46.10,#16a34a,2025-12-20 13:35:09.349237,2
4cd809a8-2297-4049-8340-cc69ccfd8bc7,5f4584ee-9aa6-42fb-8ba9-373884b917bf,12-14 years,Percentage,67.60,#16a34a,2025-12-20 13:35:09.349237,3
0964b3cd-1cd7-425c-acf0-a9e731983c25,5f4584ee-9aa6-42fb-8ba9-373884b917bf,15-16 years,Percentage,73.60,#16a34a,2025-12-20 13:35:09.349237,4
ec89792b-7968-43f9-bb4a-edcfe4008010,272409b8-b6d7-4484-94fc-a1069c410f21,Urban,Percentage,62.30,#16a34a,2025-12-20 13:35:09.349237,1
d1d27067-35ba-4d47-a57b-0ee5a6e863c9,272409b8-b6d7-4484-94fc-a1069c410f21,Rural,Percentage,37.20,#16a34a,2025-12-20 13:35:09.349237,2
b687058b-a2a7-4191-9d67-aa849734095d,144feb0e-2564-4494-b532-b6f88a06d77c,No Schooling,Percentage,9.80,#16a34a,2025-12-20 13:35:09.349237,1
012aaaa3-a942-4045-a7ac-12a78a752af3,144feb0e-2564-4494-b532-b6f88a06d77c,Pre-Primary,Percentage,22.80,#16a34a,2025-12-20 13:35:09.349237,2
7f83c864-f90a-449f-ae18-76525d526c8d,144feb0e-2564-4494-b532-b6f88a06d77c,Primary,Percentage,53.60,#16a34a,2025-12-20 13:35:09.349237,3
0642a251-299c-4cca-9fd1-a2a1db642849,144feb0e-2564-4494-b532-b6f88a06d77c,Junior Secondary,Percentage,89.80,#16a34a,2025-12-20 13:35:09.349237,4
f513e4e4-1db1-40f3-9f46-42d9e9043c15,144feb0e-2564-4494-b532-b6f88a06d77c,Senior Secondary & Higher,Percentage,97.00,#16a34a,2025-12-20 13:35:09.349237,5
d62db7b2-6ed2-4b9b-b8b9-a760eef0d5ce,499392fd-1d80-4b05-ab2d-b42952c66aff,Lowest,Percentage,11.20,#16a34a,2025-12-20 13:35:09.349237,1
268e782f-1c9f-4dff-854f-5498af8f5589,499392fd-1d80-4b05-ab2d-b42952c66aff,Second,Percentage,21.50,#16a34a,2025-12-20 13:35:09.349237,2
33f1e289-2e22-49a2-b11b-4502f0c554a7,499392fd-1d80-4b05-ab2d-b42952c66aff,Middle,Percentage,37.10,#16a34a,2025-12-20 13:35:09.349237,3
5abb61ed-46be-4f58-aea4-26bacf84da52,499392fd-1d80-4b05-ab2d-b42952c66aff,Fourth,Percentage,57.80,#16a34a,2025-12-20 13:35:09.349237,4
211d7621-3dce-478f-ac05-5b723e32e396,499392fd-1d80-4b05-ab2d-b42952c66aff,Highest,Percentage,73.70,#16a34a,2025-12-20 13:35:09.349237,5
6e2c9d6c-e90a-4f1a-a036-b02c1ae30264,4dc3fee2-a54b-4230-bb2c-6e4bf5723ed2,North Central,Percentage,43.90,#16a34a,2025-12-20 13:35:09.349237,1
0568b581-1093-41d2-bd74-ece74ef9f621,4dc3fee2-a54b-4230-bb2c-6e4bf5723ed2,North East,Percentage,31.80,#16a34a,2025-12-20 13:35:09.349237,2
c8fcb8aa-b7c0-4eae-b65f-824b161eea8e,4dc3fee2-a54b-4230-bb2c-6e4bf5723ed2,North West,Percentage,28.50,#16a34a,2025-12-20 13:35:09.349237,3
69f6774d-32d4-4fa0-a856-d35457af60a8,4dc3fee2-a54b-4230-bb2c-6e4bf5723ed2,South East,Percentage,70.60,#16a34a,2025-12-20 13:35:09.349237,4
587a81f6-35f0-4d0f-bb26-50fed802d5bb,4dc3fee2-a54b-4230-bb2c-6e4bf5723ed2,South South,Percentage,76.00,#16a34a,2025-12-20 13:35:09.349237,5
c12d98d8-60e7-4f48-b690-ff5f3f66087d,4dc3fee2-a54b-4230-bb2c-6e4bf5723ed2,South West,Percentage,70.60,#16a34a,2025-12-20 13:35:09.349237,6
4c40c0fb-e942-4033-83ab-ab67f8c07320,4b76d9a1-3464-4616-ac97-f683ac73e808,Adamawa,Percentage,37.60,#16a34a,2025-12-20 13:35:09.349237,1
c55af101-0bad-4735-a8af-6d54fc558600,4b76d9a1-3464-4616-ac97-f683ac73e808,Bauchi,Percentage,24.50,#16a34a,2025-12-20 13:35:09.349237,2
07db2520-62ef-4256-9289-0b56e08d0778,4b76d9a1-3464-4616-ac97-f683ac73e808,Borno,Percentage,45.10,#16a34a,2025-12-20 13:35:09.349237,3
a2cf0f15-1abc-4fd6-9e94-58efb172a5e6,4b76d9a1-3464-4616-ac97-f683ac73e808,Ebonyi,Percentage,60.20,#16a34a,2025-12-20 13:35:09.349237,4
1f63fc9a-e55c-42b0-9c38-75ae573c1861,4b76d9a1-3464-4616-ac97-f683ac73e808,Gombe,Percentage,24.80,#16a34a,2025-12-20 13:35:09.349237,5
de5cc02e-d73a-47d0-82d1-b904a62b8ba6,4b76d9a1-3464-4616-ac97-f683ac73e808,Jigawa,Percentage,18.70,#16a34a,2025-12-20 13:35:09.349237,6
eda0bc3c-1354-4f61-9425-ed5855d1d434,4b76d9a1-3464-4616-ac97-f683ac73e808,Kaduna,Percentage,43.30,#16a34a,2025-12-20 13:35:09.349237,7
2ca8b481-6180-4617-b398-6d9a341580c2,4b76d9a1-3464-4616-ac97-f683ac73e808,Kano,Percentage,35.40,#16a34a,2025-12-20 13:35:09.349237,8
06b654ff-ade9-4b39-a60d-563e2b95fd63,4b76d9a1-3464-4616-ac97-f683ac73e808,Katsina,Percentage,24.10,#16a34a,2025-12-20 13:35:09.349237,9
95f27a36-2b6d-40b1-99dd-4325e489f49a,4b76d9a1-3464-4616-ac97-f683ac73e808,Kebbi,Percentage,20.00,#16a34a,2025-12-20 13:35:09.349237,10
54a422a0-d7a3-4efb-b638-1451f8d369f6,4b76d9a1-3464-4616-ac97-f683ac73e808,Niger,Percentage,41.60,#16a34a,2025-12-20 13:35:09.349237,11
60315595-5586-4604-bbc6-790b08b7097f,4b76d9a1-3464-4616-ac97-f683ac73e808,Oyo,Percentage,64.70,#16a34a,2025-12-20 13:35:09.349237,12
4d3fa188-1522-4962-9c0f-5e26285cf35d,4b76d9a1-3464-4616-ac97-f683ac73e808,Rivers,Percentage,78.30,#16a34a,2025-12-20 13:35:09.349237,13
86c14db6-a436-41a5-8e82-b10f81550f21,4b76d9a1-3464-4616-ac97-f683ac73e808,Sokoto,Percentage,22.40,#16a34a,2025-12-20 13:35:09.349237,14
8383a464-d0ee-4f61-9520-c533a0a14315,4b76d9a1-3464-4616-ac97-f683ac73e808,Taraba,Percentage,36.50,#16a34a,2025-12-20 13:35:09.349237,15
8710c9fe-6ce1-4019-9233-91634d5f9fb2,4b76d9a1-3464-4616-ac97-f683ac73e808,Yobe,Percentage,24.10,#16a34a,2025-12-20 13:35:09.349237,16
a2dc00a8-e630-4050-aeca-264422f1ddf3,4b76d9a1-3464-4616-ac97-f683ac73e808,Zamfara,Percentage,26.30,#16a34a,2025-12-20 13:35:09.349237,17
fbf87e11-e5ae-4a9b-8096-4064bb368955,3efc507b-9738-4abb-9883-9da8f722018a,Pre-Primary,Percentage,40.10,#16a34a,2025-12-20 13:37:16.381415,1
2fc97ebb-3887-426e-8148-e7ff347aca38,3efc507b-9738-4abb-9883-9da8f722018a,Primary 1,Percentage,41.60,#16a34a,2025-12-20 13:37:16.381415,2
04bb0eaa-8669-41d2-8102-92537dc41074,3efc507b-9738-4abb-9883-9da8f722018a,Primary 2,Percentage,64.50,#16a34a,2025-12-20 13:37:16.381415,3
63e4ffab-1194-49a3-8000-13423e3b6376,3efc507b-9738-4abb-9883-9da8f722018a,Primary 3,Percentage,83.50,#16a34a,2025-12-20 13:37:16.381415,4
20cd5c12-32db-464a-b249-84ab5d374cc8,3efc507b-9738-4abb-9883-9da8f722018a,Primary 4,Percentage,81.50,#16a34a,2025-12-20 13:37:16.381415,5
f235a1ce-8dbf-4d10-9d2f-2be179753416,3efc507b-9738-4abb-9883-9da8f722018a,Primary 5,Percentage,85.40,#16a34a,2025-12-20 13:37:16.381415,6
0d366f06-4296-4fb4-b23f-9c4422b11532,3efc507b-9738-4abb-9883-9da8f722018a,Primary 6,Percentage,85.90,#16a34a,2025-12-20 13:37:16.381415,7
12391863-94e3-474d-a246-73a8a7caab41,3efc507b-9738-4abb-9883-9da8f722018a,JSS 1,Percentage,85.70,#16a34a,2025-12-20 13:37:16.381415,8
49c7ca93-cd4f-483a-b0b7-e3ee57e79d64,3efc507b-9738-4abb-9883-9da8f722018a,JSS 2,Percentage,87.50,#16a34a,2025-12-20 13:37:16.381415,9
6f849499-bafb-4138-a33e-de19c66a3e31,3efc507b-9738-4abb-9883-9da8f722018a,JSS 3,Percentage,90.90,#16a34a,2025-12-20 13:37:16.381415,10
430164af-97cd-44d8-8073-6c7f02236a64,1de1db82-4419-4458-a20b-dc843717cf8b,4-5 years,Percentage,5.10,#16a34a,2025-12-20 13:38:18.416612,1
36ba786d-84da-45fc-96bd-4e931c355070,1de1db82-4419-4458-a20b-dc843717cf8b,6-11 years,Percentage,28.40,#16a34a,2025-12-20 13:38:18.416612,2
162cc144-baa7-4f7c-a092-cfaee9cd065f,1de1db82-4419-4458-a20b-dc843717cf8b,12-14 years,Percentage,50.70,#16a34a,2025-12-20 13:38:18.416612,3
8c6254f2-0f82-4343-ac08-af5f0f65ac42,1de1db82-4419-4458-a20b-dc843717cf8b,15-16 years,Percentage,59.90,#16a34a,2025-12-20 13:38:18.416612,4
04dd0fba-21b4-4600-a7db-145a16ddd668,3dd07ddf-9ab8-47ab-a047-03da404ebcbc,Urban,Percentage,47.10,#16a34a,2025-12-20 13:38:18.416612,1
0436e1de-cc6b-4a03-b1c0-d8ec67ee5c75,3dd07ddf-9ab8-47ab-a047-03da404ebcbc,Rural,Percentage,22.20,#16a34a,2025-12-20 13:38:18.416612,2
ea3bc0d7-0313-4cf7-8a4f-407dc4dd0dd5,8430a0b9-3798-4217-a9c9-03639abe061d,No Schooling,Percentage,6.70,#16a34a,2025-12-20 13:38:18.416612,1
84ef705f-4f8a-4208-98e9-259ae1dd6f82,8430a0b9-3798-4217-a9c9-03639abe061d,Pre-Primary,Percentage,9.60,#16a34a,2025-12-20 13:38:18.416612,2
50cf186f-60e5-4be3-bd16-0f34fabd899c,8430a0b9-3798-4217-a9c9-03639abe061d,Primary,Percentage,29.90,#16a34a,2025-12-20 13:38:18.416612,3
00ad968e-d740-4045-92a4-6c272e6b892a,8430a0b9-3798-4217-a9c9-03639abe061d,Junior Secondary,Percentage,74.10,#16a34a,2025-12-20 13:38:18.416612,4
e900f2b6-9cdc-4a14-820f-27f83a4ec92a,8430a0b9-3798-4217-a9c9-03639abe061d,Senior Secondary,Percentage,86.40,#16a34a,2025-12-20 13:38:18.416612,5
cb4e930c-ced1-4a9e-9d92-3f9deeda644b,8430a0b9-3798-4217-a9c9-03639abe061d,Higher,Percentage,95.20,#16a34a,2025-12-20 13:38:18.416612,6
1a89453e-641b-4f32-bf93-47b770d241cf,212458c1-1f0c-4398-aaed-71de0cb1ede6,Lowest,Percentage,6.80,#16a34a,2025-12-20 13:38:18.416612,1
d9c18d1e-b953-4a6b-bc3e-bd8eee1fc545,212458c1-1f0c-4398-aaed-71de0cb1ede6,Second,Percentage,12.50,#16a34a,2025-12-20 13:38:18.416612,2
3d76260e-9044-4470-b6de-598c58bd4618,212458c1-1f0c-4398-aaed-71de0cb1ede6,Middle,Percentage,22.10,#16a34a,2025-12-20 13:38:18.416612,3
998d5db4-9c26-4214-9676-00026d97473e,212458c1-1f0c-4398-aaed-71de0cb1ede6,Fourth,Percentage,37.00,#16a34a,2025-12-20 13:38:18.416612,4
6a425a39-1fd5-4ed4-811e-11f391cca2b5,212458c1-1f0c-4398-aaed-71de0cb1ede6,Highest,Percentage,58.10,#16a34a,2025-12-20 13:38:18.416612,5
1d8a9a04-b5fa-4a5f-bb53-5230cc302d56,8ff91322-28d9-4b8c-aab3-bebb3ee31fa3,North Central,Percentage,25.00,#16a34a,2025-12-20 13:38:18.416612,1
eedf8bef-383d-41ba-8a94-1242e661d783,8ff91322-28d9-4b8c-aab3-bebb3ee31fa3,North East,Percentage,20.20,#16a34a,2025-12-20 13:38:18.416612,2
982321a9-02e4-4e09-872e-0355ac802571,8ff91322-28d9-4b8c-aab3-bebb3ee31fa3,North West,Percentage,18.90,#16a34a,2025-12-20 13:38:18.416612,3
ce1be4b1-be53-429e-863e-9ee8d6ff22c7,8ff91322-28d9-4b8c-aab3-bebb3ee31fa3,South East,Percentage,53.30,#16a34a,2025-12-20 13:38:18.416612,4
28c596c8-8a30-4ace-83d1-96a6e53e2602,8ff91322-28d9-4b8c-aab3-bebb3ee31fa3,South South,Percentage,50.30,#16a34a,2025-12-20 13:38:18.416612,5
ee9a1e58-cc1f-4bb4-9e12-db03014c06c6,8ff91322-28d9-4b8c-aab3-bebb3ee31fa3,South West,Percentage,55.20,#16a34a,2025-12-20 13:38:18.416612,6
deb00def-ec15-49eb-9042-a017226f826a,578befaf-b554-4ce5-a6f2-090c0f17d14b,Adamawa,Percentage,25.40,#16a34a,2025-12-20 13:38:18.416612,1
4f4beea9-9128-4fd8-bb72-13f74c32ecbe,578befaf-b554-4ce5-a6f2-090c0f17d14b,Bauchi,Percentage,16.20,#16a34a,2025-12-20 13:38:18.416612,2
7d8e3e81-fc36-4e61-8d17-39dddf5c7e75,578befaf-b554-4ce5-a6f2-090c0f17d14b,Borno,Percentage,26.70,#16a34a,2025-12-20 13:38:18.416612,3
59b0973a-dd88-40a1-ad78-d9b821dc7773,578befaf-b554-4ce5-a6f2-090c0f17d14b,Ebonyi,Percentage,48.90,#16a34a,2025-12-20 13:38:18.416612,4
7cc2d485-bc18-4df6-84ec-85d4c7bf061b,578befaf-b554-4ce5-a6f2-090c0f17d14b,Gombe,Percentage,18.60,#16a34a,2025-12-20 13:38:18.416612,5
3ade3aca-6467-4fd7-9fac-8c5703ea4265,578befaf-b554-4ce5-a6f2-090c0f17d14b,Jigawa,Percentage,13.50,#16a34a,2025-12-20 13:38:18.416612,6
e3ed45d8-e707-41c1-a4b4-e602777f86e8,578befaf-b554-4ce5-a6f2-090c0f17d14b,Kaduna,Percentage,29.90,#16a34a,2025-12-20 13:38:18.416612,7
df44be30-952a-4dc0-963b-2cb62bc82e76,578befaf-b554-4ce5-a6f2-090c0f17d14b,Kano,Percentage,22.30,#16a34a,2025-12-20 13:38:18.416612,8
4e459e46-d2d4-454f-9a15-0805a2b2e029,578befaf-b554-4ce5-a6f2-090c0f17d14b,Katsina,Percentage,14.50,#16a34a,2025-12-20 13:38:18.416612,9
ca95a669-99d3-4019-adc4-23cb152db478,578befaf-b554-4ce5-a6f2-090c0f17d14b,Kebbi,Percentage,15.10,#16a34a,2025-12-20 13:38:18.416612,10
38ebcfd5-6539-435c-afa4-46d4c5ac9992,578befaf-b554-4ce5-a6f2-090c0f17d14b,Niger,Percentage,29.10,#16a34a,2025-12-20 13:38:18.416612,11
e2280c43-c0de-49aa-a49b-fa5789da4795,578befaf-b554-4ce5-a6f2-090c0f17d14b,Oyo,Percentage,43.70,#16a34a,2025-12-20 13:38:18.416612,12
a085bd37-b3f2-4551-bb34-5cc060f27262,578befaf-b554-4ce5-a6f2-090c0f17d14b,Rivers,Percentage,50.80,#16a34a,2025-12-20 13:38:18.416612,13
033c48a8-296d-4d4d-8dbd-97ede5f467da,578befaf-b554-4ce5-a6f2-090c0f17d14b,Sokoto,Percentage,12.00,#16a34a,2025-12-20 13:38:18.416612,14
963c6644-905f-485b-9c8c-6990ffb8e989,578befaf-b554-4ce5-a6f2-090c0f17d14b,Taraba,Percentage,20.80,#16a34a,2025-12-20 13:38:18.416612,15
4bf18e76-409d-45b6-807c-37ddec380f88,578befaf-b554-4ce5-a6f2-090c0f17d14b,Yobe,Percentage,14.00,#16a34a,2025-12-20 13:38:18.416612,16
df3edb4f-9635-48ed-b2d6-e8e284328b8f,578befaf-b554-4ce5-a6f2-090c0f17d14b,Zamfara,Percentage,20.90,#16a34a,2025-12-20 13:38:18.416612,17
a4bfb3af-662b-43a1-a516-e78bc8a1efc6,beaa71db-bfb5-480b-acfd-7f446cbb4753,Ebonyi,Percentage,79.00,#3b82f6,2025-12-20 14:43:24.468252,1
e5d27b87-e659-42ae-92db-3d0d580237c4,beaa71db-bfb5-480b-acfd-7f446cbb4753,Kaduna,Percentage,77.00,#3b82f6,2025-12-20 14:43:24.468252,2
8f491701-0a9f-4d13-90bf-41434130e666,beaa71db-bfb5-480b-acfd-7f446cbb4753,Oyo,Percentage,76.00,#3b82f6,2025-12-20 14:43:24.468252,3
8d6e6e85-3e59-43af-bf8b-6c5fb5f1c1cf,beaa71db-bfb5-480b-acfd-7f446cbb4753,Rivers,Percentage,74.00,#3b82f6,2025-12-20 14:43:24.468252,4
4537f4d0-05cb-4483-b1bc-b2355fae7bae,beaa71db-bfb5-480b-acfd-7f446cbb4753,Borno,Percentage,70.00,#3b82f6,2025-12-20 14:43:24.468252,5
39a75f11-1b49-47a5-82a4-fbf7e9d33f1b,beaa71db-bfb5-480b-acfd-7f446cbb4753,Niger,Percentage,68.00,#3b82f6,2025-12-20 14:43:24.468252,6
f5d71859-c374-4a37-97ce-35cfc493f5cb,beaa71db-bfb5-480b-acfd-7f446cbb4753,Taraba,Percentage,66.00,#3b82f6,2025-12-20 14:43:24.468252,7
6883e648-cacb-4c60-bf8b-bced290eaa5a,beaa71db-bfb5-480b-acfd-7f446cbb4753,Bauchi,Percentage,64.00,#3b82f6,2025-12-20 14:43:24.468252,8
c7b85696-ef8b-4fb7-a8a5-6ce533d043a4,beaa71db-bfb5-480b-acfd-7f446cbb4753,Adamawa,Percentage,58.00,#3b82f6,2025-12-20 14:43:24.468252,9
78fce281-b16c-40a5-807a-51a610d4cd52,beaa71db-bfb5-480b-acfd-7f446cbb4753,Gombe,Percentage,57.00,#3b82f6,2025-12-20 14:43:24.468252,10
c4f721ad-1827-4de1-8aef-3013c51149e6,beaa71db-bfb5-480b-acfd-7f446cbb4753,Kano,Percentage,56.00,#3b82f6,2025-12-20 14:43:24.468252,11
96f01394-8e13-49ca-a768-312f5548671d,beaa71db-bfb5-480b-acfd-7f446cbb4753,Jigawa,Percentage,52.00,#3b82f6,2025-12-20 14:43:24.468252,12
a05d24ee-04e7-493e-a855-93274bb5f1a4,beaa71db-bfb5-480b-acfd-7f446cbb4753,Zamfara,Percentage,52.00,#3b82f6,2025-12-20 14:43:24.468252,13
4db35382-3776-4532-b81e-6b4859f38e05,beaa71db-bfb5-480b-acfd-7f446cbb4753,Sokoto,Percentage,47.00,#3b82f6,2025-12-20 14:43:24.468252,14
59cbd167-614b-42a2-8975-4767292ebd4e,beaa71db-bfb5-480b-acfd-7f446cbb4753,Katsina,Percentage,44.00,#3b82f6,2025-12-20 14:43:24.468252,15
8df4a6ee-fd33-4672-b627-646edd3bea70,beaa71db-bfb5-480b-acfd-7f446cbb4753,Yobe,Percentage,41.00,#3b82f6,2025-12-20 14:43:24.468252,16
1748ed2d-134e-4dc6-ad6f-fc6b82227574,beaa71db-bfb5-480b-acfd-7f446cbb4753,Kebbi,Percentage,38.00,#3b82f6,2025-12-20 14:43:24.468252,17
b5a5e0d0-0ca3-4172-8483-a0e035b5293c,858a303c-8e89-4ad2-b8f3-4d0c5df8a57f,Urban,Percentage,74.00,#3b82f6,2025-12-20 14:43:24.468252,1
021971af-1ec9-4d33-af32-2877c60fd2c5,858a303c-8e89-4ad2-b8f3-4d0c5df8a57f,Rural,Percentage,63.00,#3b82f6,2025-12-20 14:43:24.468252,2
635e73de-d7d0-4dc5-8c99-60ca72731661,0a131ae0-9aef-49bd-94a7-03f9d12ff5f7,Lowest,Percentage,53.00,#3b82f6,2025-12-20 14:43:24.468252,1
040114b2-9c98-413b-9b61-2c7c6e9b18e8,0a131ae0-9aef-49bd-94a7-03f9d12ff5f7,Second,Percentage,59.00,#3b82f6,2025-12-20 14:43:24.468252,2
6ea1b6da-6f1c-4672-84a9-88693ae638ff,0a131ae0-9aef-49bd-94a7-03f9d12ff5f7,Middle,Percentage,68.00,#3b82f6,2025-12-20 14:43:24.468252,3
79ed3719-0d09-4758-af3c-09c899a0d3e2,0a131ae0-9aef-49bd-94a7-03f9d12ff5f7,Fourth,Percentage,79.00,#3b82f6,2025-12-20 14:43:24.468252,4
6b7b8abd-64c5-4ff3-8192-bb0ef2c06002,0a131ae0-9aef-49bd-94a7-03f9d12ff5f7,Highest,Percentage,76.00,#3b82f6,2025-12-20 14:43:24.468252,5
8bdda8b0-e46a-4088-8661-577c6e772f7f,226ab28e-83e9-42da-aab5-92e4e1e79f61,Kebbi,Percentage,59.00,#ef4444,2025-12-20 14:45:10.194465,1
8737ce04-0b6f-4a84-9be3-d0386c5c4039,226ab28e-83e9-42da-aab5-92e4e1e79f61,Yobe,Percentage,57.00,#ef4444,2025-12-20 14:45:10.194465,2
9b4dd63f-f4f0-4512-a700-c4775b7d4b6d,226ab28e-83e9-42da-aab5-92e4e1e79f61,Sokoto,Percentage,51.00,#ef4444,2025-12-20 14:45:10.194465,3
d1e8db52-b28b-4670-bd8b-58d8d9c6b456,226ab28e-83e9-42da-aab5-92e4e1e79f61,Zamfara,Percentage,49.00,#ef4444,2025-12-20 14:45:10.194465,4
ff6a9a59-c5d5-47bb-9af1-589b8e543887,226ab28e-83e9-42da-aab5-92e4e1e79f61,Katsina,Percentage,46.00,#ef4444,2025-12-20 14:45:10.194465,5
308348fd-49fd-4f56-b73b-6ce4b124bed7,226ab28e-83e9-42da-aab5-92e4e1e79f61,Jigawa,Percentage,43.00,#ef4444,2025-12-20 14:45:10.194465,6
b8613f51-6502-4db4-9be8-9d5376f6b16b,226ab28e-83e9-42da-aab5-92e4e1e79f61,Bauchi,Percentage,42.00,#ef4444,2025-12-20 14:45:10.194465,7
9f35157c-d6f2-4167-bf74-21f7fc76afe0,226ab28e-83e9-42da-aab5-92e4e1e79f61,Gombe,Percentage,42.00,#ef4444,2025-12-20 14:45:10.194465,8
8b93f09e-0c7f-40bd-887c-02196bc3e7a6,226ab28e-83e9-42da-aab5-92e4e1e79f61,Kano,Percentage,36.00,#ef4444,2025-12-20 14:45:10.194465,9
40b2ef8c-fcd7-4081-928c-8ea6d883b0f7,226ab28e-83e9-42da-aab5-92e4e1e79f61,Adamawa,Percentage,34.00,#ef4444,2025-12-20 14:45:10.194465,10
0cc2e371-1952-4006-951d-c021c1d274f5,226ab28e-83e9-42da-aab5-92e4e1e79f61,Niger,Percentage,28.00,#ef4444,2025-12-20 14:45:10.194465,11
5869d2b8-6815-4e18-870e-57bd4be72e23,226ab28e-83e9-42da-aab5-92e4e1e79f61,Taraba,Percentage,25.00,#ef4444,2025-12-20 14:45:10.194465,12
f2fbe59d-098f-4c4a-9ce5-72b2c37b4f65,226ab28e-83e9-42da-aab5-92e4e1e79f61,Borno,Percentage,23.00,#ef4444,2025-12-20 14:45:10.194465,13
0d517de0-b083-4b20-94e7-056773ef6215,226ab28e-83e9-42da-aab5-92e4e1e79f61,Kaduna,Percentage,15.00,#ef4444,2025-12-20 14:45:10.194465,14
40a11604-119e-4fb4-8795-4d25af621697,226ab28e-83e9-42da-aab5-92e4e1e79f61,Oyo,Percentage,12.00,#ef4444,2025-12-20 14:45:10.194465,15
3dc30582-a548-47a9-822c-edc18eb2ace1,226ab28e-83e9-42da-aab5-92e4e1e79f61,Ebonyi,Percentage,11.00,#ef4444,2025-12-20 14:45:10.194465,16
e24c4960-b2d8-4766-8eb2-f7b879d3bf55,226ab28e-83e9-42da-aab5-92e4e1e79f61,Rivers,Percentage,4.00,#ef4444,2025-12-20 14:45:10.194465,17
3368b964-885f-4f94-9401-159b1d771728,00074283-0dab-4f5b-ad6f-b7daf08d2aca,Yobe,Percentage,19.00,#ef4444,2025-12-20 14:45:10.194465,1
8860b6f5-267c-4bba-ac97-0043fac4c5fe,00074283-0dab-4f5b-ad6f-b7daf08d2aca,Sokoto,Percentage,18.00,#ef4444,2025-12-20 14:45:10.194465,2
5a7f789b-0475-4f94-97cb-7127af1be6be,00074283-0dab-4f5b-ad6f-b7daf08d2aca,Zamfara,Percentage,18.00,#ef4444,2025-12-20 14:45:10.194465,3
25225091-a141-4fe4-998d-3cdb1223c04e,00074283-0dab-4f5b-ad6f-b7daf08d2aca,Kebbi,Percentage,15.00,#ef4444,2025-12-20 14:45:10.194465,4
54f6fa7b-8d84-48b4-9f3e-30ada3bd33cb,00074283-0dab-4f5b-ad6f-b7daf08d2aca,Kano,Percentage,12.00,#ef4444,2025-12-20 14:45:10.194465,5
208bd7aa-2a92-4a57-90f5-7244fc3c802c,00074283-0dab-4f5b-ad6f-b7daf08d2aca,Jigawa,Percentage,10.00,#ef4444,2025-12-20 14:45:10.194465,6
3d05a8e8-be10-487e-8507-a1151d1918c1,00074283-0dab-4f5b-ad6f-b7daf08d2aca,Katsina,Percentage,9.00,#ef4444,2025-12-20 14:45:10.194465,7
ab6617c1-9718-4727-8a3f-217687929e13,00074283-0dab-4f5b-ad6f-b7daf08d2aca,Bauchi,Percentage,8.00,#ef4444,2025-12-20 14:45:10.194465,8
fce1a608-d36b-44aa-aaef-84c7acaea29a,00074283-0dab-4f5b-ad6f-b7daf08d2aca,Gombe,Percentage,7.00,#ef4444,2025-12-20 14:45:10.194465,9
54072957-944d-47f4-ba7d-9b2fb916f9d5,00074283-0dab-4f5b-ad6f-b7daf08d2aca,Adamawa,Percentage,5.00,#ef4444,2025-12-20 14:45:10.194465,10
f228452b-677d-4e97-bfd3-4c9a38fd6e1b,00074283-0dab-4f5b-ad6f-b7daf08d2aca,Borno,Percentage,4.00,#ef4444,2025-12-20 14:45:10.194465,11
1c9543f6-42ea-4808-a7fe-1628c17b31e9,00074283-0dab-4f5b-ad6f-b7daf08d2aca,Niger,Percentage,1.00,#ef4444,2025-12-20 14:45:10.194465,12
920de1b5-85af-476b-b005-d1c0b6495ce3,00074283-0dab-4f5b-ad6f-b7daf08d2aca,Taraba,Percentage,1.00,#ef4444,2025-12-20 14:45:10.194465,13
72d3c6fa-7af7-41cc-b5f4-3962259de3a5,00074283-0dab-4f5b-ad6f-b7daf08d2aca,Kaduna,Percentage,1.00,#ef4444,2025-12-20 14:45:10.194465,14
c374ca8c-05f3-41d1-ade0-f233d9e026dc,00074283-0dab-4f5b-ad6f-b7daf08d2aca,Oyo,Percentage,0.00,#ef4444,2025-12-20 14:45:10.194465,15
347da50f-4bdc-422e-bbb5-e8db21b912a3,00074283-0dab-4f5b-ad6f-b7daf08d2aca,Ebonyi,Percentage,0.00,#ef4444,2025-12-20 14:45:10.194465,16
047f5e3e-ff46-46e2-9552-d726a0c45861,00074283-0dab-4f5b-ad6f-b7daf08d2aca,Rivers,Percentage,0.00,#ef4444,2025-12-20 14:45:10.194465,17
d566ca49-e77e-4d2a-bd66-36899019e0b3,fae5e6fd-2fb1-446f-94a1-c87547a24ee5,Ebonyi,Percentage,109.00,#3b82f6,2025-12-20 14:50:09.568962,1
250d816e-2e18-465c-8cd9-ced8803451ef,fae5e6fd-2fb1-446f-94a1-c87547a24ee5,Kaduna,Percentage,108.00,#3b82f6,2025-12-20 14:50:09.568962,2
1078afb0-6aff-470c-9b4f-36af8d21e7ed,fae5e6fd-2fb1-446f-94a1-c87547a24ee5,Oyo,Percentage,97.00,#3b82f6,2025-12-20 14:50:09.568962,3
9f38e2ed-d440-4f01-b7b6-e33c84f1fd12,fae5e6fd-2fb1-446f-94a1-c87547a24ee5,Rivers,Percentage,90.00,#3b82f6,2025-12-20 14:50:09.568962,4
3408c3b1-8911-40dd-9920-abf27f920a89,fae5e6fd-2fb1-446f-94a1-c87547a24ee5,Adamawa,Percentage,89.00,#3b82f6,2025-12-20 14:50:09.568962,5
f8d578a5-5b11-4060-b568-a99077b93a0a,fae5e6fd-2fb1-446f-94a1-c87547a24ee5,Borno,Percentage,89.00,#3b82f6,2025-12-20 14:50:09.568962,6
bdab06b2-491b-4ed5-93b9-050d26124641,fae5e6fd-2fb1-446f-94a1-c87547a24ee5,Niger,Percentage,87.00,#3b82f6,2025-12-20 14:50:09.568962,7
20037f18-e79a-40e9-b0bf-7e50698ec5c7,fae5e6fd-2fb1-446f-94a1-c87547a24ee5,Taraba,Percentage,82.00,#3b82f6,2025-12-20 14:50:09.568962,8
63b9267c-ff68-4c04-aeee-fa8ced577b61,fae5e6fd-2fb1-446f-94a1-c87547a24ee5,Bauchi,Percentage,76.00,#3b82f6,2025-12-20 14:50:09.568962,9
a751ca8e-33ef-43cb-91c4-8d8b492aa86c,fae5e6fd-2fb1-446f-94a1-c87547a24ee5,Gombe,Percentage,75.00,#3b82f6,2025-12-20 14:50:09.568962,10
2486e450-682b-47b8-9c14-9d1ae6bd9320,fae5e6fd-2fb1-446f-94a1-c87547a24ee5,Kano,Percentage,74.00,#3b82f6,2025-12-20 14:50:09.568962,11
b4a876e6-aaf0-4de0-a436-99dd4ac90b25,fae5e6fd-2fb1-446f-94a1-c87547a24ee5,Zamfara,Percentage,74.00,#3b82f6,2025-12-20 14:50:09.568962,12
655e5959-2dab-435a-ad15-7173e22c4350,fae5e6fd-2fb1-446f-94a1-c87547a24ee5,Jigawa,Percentage,71.00,#3b82f6,2025-12-20 14:50:09.568962,13
f1dc52de-49db-4c0f-9c62-0a16e89a91e9,fae5e6fd-2fb1-446f-94a1-c87547a24ee5,Sokoto,Percentage,65.00,#3b82f6,2025-12-20 14:50:09.568962,14
889e2e84-0428-420a-b38f-c06b3a5f6eaf,fae5e6fd-2fb1-446f-94a1-c87547a24ee5,Katsina,Percentage,55.00,#3b82f6,2025-12-20 14:50:09.568962,15
a3a4849d-416f-4c0c-9aae-5536ed97a1dc,fae5e6fd-2fb1-446f-94a1-c87547a24ee5,Yobe,Percentage,54.00,#3b82f6,2025-12-20 14:50:09.568962,16
e631e951-09a1-4c6a-9511-68735693df5b,fae5e6fd-2fb1-446f-94a1-c87547a24ee5,Kebbi,Percentage,51.00,#3b82f6,2025-12-20 14:50:09.568962,17
1bff725c-aeec-4687-b767-5a194c076caa,bd367873-78f9-42b6-ac54-78ae2515b0a9,Rivers,Percentage,120.00,#3b82f6,2025-12-20 14:50:09.568962,1
f9bbada6-ad02-4181-a978-e5d552ec07b1,bd367873-78f9-42b6-ac54-78ae2515b0a9,Ebonyi,Percentage,100.00,#3b82f6,2025-12-20 14:50:09.568962,2
7c1ec895-5958-4167-ab48-0252460327c5,bd367873-78f9-42b6-ac54-78ae2515b0a9,Oyo,Percentage,79.00,#3b82f6,2025-12-20 14:50:09.568962,3
e76e7f7e-f5d1-43a6-82e6-ba702d665cde,bd367873-78f9-42b6-ac54-78ae2515b0a9,Kaduna,Percentage,69.00,#3b82f6,2025-12-20 14:50:09.568962,4
23d13cd5-f81e-4d48-a301-2871f7c77b5a,bd367873-78f9-42b6-ac54-78ae2515b0a9,Borno,Percentage,62.00,#3b82f6,2025-12-20 14:50:09.568962,5
3353a045-8658-42d2-9bed-7b434195308f,bd367873-78f9-42b6-ac54-78ae2515b0a9,Niger,Percentage,58.00,#3b82f6,2025-12-20 14:50:09.568962,6
674dc05d-19da-44b8-a02b-fa8f9c9a3adb,bd367873-78f9-42b6-ac54-78ae2515b0a9,Taraba,Percentage,54.00,#3b82f6,2025-12-20 14:50:09.568962,7
6f563b9c-8d39-4681-8efb-7f75e18ddd0c,bd367873-78f9-42b6-ac54-78ae2515b0a9,Adamawa,Percentage,52.00,#3b82f6,2025-12-20 14:50:09.568962,8
4c764637-0f41-41d3-9b79-1a75bcf0d53a,bd367873-78f9-42b6-ac54-78ae2515b0a9,Gombe,Percentage,50.00,#3b82f6,2025-12-20 14:50:09.568962,9
97afb204-f1f1-45cf-b64c-adaf7d42e994,bd367873-78f9-42b6-ac54-78ae2515b0a9,Bauchi,Percentage,49.00,#3b82f6,2025-12-20 14:50:09.568962,10
ef597ec4-0ef2-408e-86e3-edef9e0b4ecd,bd367873-78f9-42b6-ac54-78ae2515b0a9,Kano,Percentage,43.00,#3b82f6,2025-12-20 14:50:09.568962,11
93ad5aca-02d8-4bbf-9126-2fca0f801596,bd367873-78f9-42b6-ac54-78ae2515b0a9,Jigawa,Percentage,40.00,#3b82f6,2025-12-20 14:50:09.568962,12
f220f72b-7a2a-4715-b1fd-e0f9d7b9021a,bd367873-78f9-42b6-ac54-78ae2515b0a9,Zamfara,Percentage,36.00,#3b82f6,2025-12-20 14:50:09.568962,13
245a285b-f73c-4758-9281-66f495e9207d,bd367873-78f9-42b6-ac54-78ae2515b0a9,Katsina,Percentage,35.00,#3b82f6,2025-12-20 14:50:09.568962,14
474edbb6-f122-474a-ab16-84ded1d60a96,bd367873-78f9-42b6-ac54-78ae2515b0a9,Kebbi,Percentage,33.00,#3b82f6,2025-12-20 14:50:09.568962,15
61e05617-315b-4c80-b58f-eaa3699d302e,bd367873-78f9-42b6-ac54-78ae2515b0a9,Sokoto,Percentage,31.00,#3b82f6,2025-12-20 14:50:09.568962,16
a1829d71-fe6b-47b3-adb6-7c584cf782bd,bd367873-78f9-42b6-ac54-78ae2515b0a9,Yobe,Percentage,30.00,#3b82f6,2025-12-20 14:50:09.568962,17
b87bcd44-2ba4-4f78-9cc7-5b648f565df6,db23104e-020d-4b63-b3f6-7e41cc1bf3ea,Yobe,GPI,1.12,#8b5cf6,2025-12-20 14:50:09.568962,1
3795e34c-1bc5-43a9-8409-cdfbc0eb5788,db23104e-020d-4b63-b3f6-7e41cc1bf3ea,Borno,GPI,1.10,#8b5cf6,2025-12-20 14:50:09.568962,2
d057f5eb-0b5a-44b5-a97f-68a9fcce74f6,db23104e-020d-4b63-b3f6-7e41cc1bf3ea,Taraba,GPI,1.07,#8b5cf6,2025-12-20 14:50:09.568962,3
a8b289b7-a525-4d33-96e3-9b73ab404859,db23104e-020d-4b63-b3f6-7e41cc1bf3ea,Gombe,GPI,1.03,#8b5cf6,2025-12-20 14:50:09.568962,4
399dd625-7300-48da-9b21-54e859f9017e,db23104e-020d-4b63-b3f6-7e41cc1bf3ea,Adamawa,GPI,1.02,#8b5cf6,2025-12-20 14:50:09.568962,5
b39f5be2-73ba-421c-abc8-f999a1a14b6e,db23104e-020d-4b63-b3f6-7e41cc1bf3ea,Oyo,GPI,1.01,#8b5cf6,2025-12-20 14:50:09.568962,6
a621f4a4-a5aa-4ce9-be17-6b4ad9467763,db23104e-020d-4b63-b3f6-7e41cc1bf3ea,Niger,GPI,0.98,#8b5cf6,2025-12-20 14:50:09.568962,7
7282a012-2930-4155-b041-4be8ab63805e,db23104e-020d-4b63-b3f6-7e41cc1bf3ea,Kano,GPI,0.97,#8b5cf6,2025-12-20 14:50:09.568962,8
1da8ed8b-bf7b-49ab-bbf7-79a03f4852e8,db23104e-020d-4b63-b3f6-7e41cc1bf3ea,Bauchi,GPI,0.97,#8b5cf6,2025-12-20 14:50:09.568962,9
2697072a-97eb-4dcb-9dab-fb2ae1007f08,db23104e-020d-4b63-b3f6-7e41cc1bf3ea,Ebonyi,GPI,0.97,#8b5cf6,2025-12-20 14:50:09.568962,10
19976f37-c72c-4bab-bc5e-f2098e377a9b,db23104e-020d-4b63-b3f6-7e41cc1bf3ea,Rivers,GPI,0.97,#8b5cf6,2025-12-20 14:50:09.568962,11
d3b710e8-71df-448a-b0a2-6ace8f7da857,db23104e-020d-4b63-b3f6-7e41cc1bf3ea,Jigawa,GPI,0.96,#8b5cf6,2025-12-20 14:50:09.568962,12
0c737600-7a80-4e4a-8f8f-16c4d7c3279a,db23104e-020d-4b63-b3f6-7e41cc1bf3ea,Katsina,GPI,0.96,#8b5cf6,2025-12-20 14:50:09.568962,13
02e99fca-715b-4a7e-89f0-ae47ae830c31,db23104e-020d-4b63-b3f6-7e41cc1bf3ea,Kaduna,GPI,0.92,#8b5cf6,2025-12-20 14:50:09.568962,14
2e489d6b-ab7a-41c3-bd72-8ae9c961e6fe,db23104e-020d-4b63-b3f6-7e41cc1bf3ea,Sokoto,GPI,0.90,#8b5cf6,2025-12-20 14:50:09.568962,15
43da6688-de6a-48bc-861b-6003d078cfb5,db23104e-020d-4b63-b3f6-7e41cc1bf3ea,Kebbi,GPI,0.84,#8b5cf6,2025-12-20 14:50:09.568962,16
fb4a85b2-5476-4d08-81b4-fa74a5b0eca1,db23104e-020d-4b63-b3f6-7e41cc1bf3ea,Zamfara,GPI,0.84,#8b5cf6,2025-12-20 14:50:09.568962,17
137156f0-e9ab-499e-b7e2-dc46723cc594,cdd3743b-e272-4b9e-add1-e0781ca90322,Taraba,GPI,1.14,#8b5cf6,2025-12-20 14:50:09.568962,1
d5517766-6cb3-48f0-a7ac-39ecfdca5d1e,cdd3743b-e272-4b9e-add1-e0781ca90322,Yobe,GPI,1.11,#8b5cf6,2025-12-20 14:50:09.568962,2
4d7bf292-1fa9-453e-aa2c-ef37349f91d2,cdd3743b-e272-4b9e-add1-e0781ca90322,Adamawa,GPI,1.06,#8b5cf6,2025-12-20 14:50:09.568962,3
aa5d8a3f-184f-4fb5-8854-729980571cb8,cdd3743b-e272-4b9e-add1-e0781ca90322,Borno,GPI,1.06,#8b5cf6,2025-12-20 14:50:09.568962,4
209287a5-2441-4d81-8d66-290b9f6cc83c,cdd3743b-e272-4b9e-add1-e0781ca90322,Gombe,GPI,1.02,#8b5cf6,2025-12-20 14:50:09.568962,5
48f19c61-a0db-4e50-ab24-22c3c6630af1,cdd3743b-e272-4b9e-add1-e0781ca90322,Oyo,GPI,0.99,#8b5cf6,2025-12-20 14:50:09.568962,6
1593b2ca-88b8-4d53-a673-a939dfa1bc81,cdd3743b-e272-4b9e-add1-e0781ca90322,Rivers,GPI,0.98,#8b5cf6,2025-12-20 14:50:09.568962,7
3fb08dd6-ea8b-4c6f-86d8-7f7d32f845f4,cdd3743b-e272-4b9e-add1-e0781ca90322,Ebonyi,GPI,0.95,#8b5cf6,2025-12-20 14:50:09.568962,8
11fe8c8b-35dc-48f1-838b-a58f8726a8e6,cdd3743b-e272-4b9e-add1-e0781ca90322,Kano,GPI,0.94,#8b5cf6,2025-12-20 14:50:09.568962,9
a85118bc-39ee-46e3-9fc1-fdb31ce913cf,cdd3743b-e272-4b9e-add1-e0781ca90322,Niger,GPI,0.94,#8b5cf6,2025-12-20 14:50:09.568962,10
dcddfb52-dd0b-438e-8674-96dea667d209,cdd3743b-e272-4b9e-add1-e0781ca90322,Kaduna,GPI,0.93,#8b5cf6,2025-12-20 14:50:09.568962,11
2b663051-f81c-41ec-9691-0bafc11a06f6,cdd3743b-e272-4b9e-add1-e0781ca90322,Jigawa,GPI,0.91,#8b5cf6,2025-12-20 14:50:09.568962,12
eae7c7e0-4971-43a4-9be7-d4e4d4083130,cdd3743b-e272-4b9e-add1-e0781ca90322,Bauchi,GPI,0.89,#8b5cf6,2025-12-20 14:50:09.568962,13
21908115-6503-47fd-b367-abf2239efd24,cdd3743b-e272-4b9e-add1-e0781ca90322,Katsina,GPI,0.87,#8b5cf6,2025-12-20 14:50:09.568962,14
310646d3-69c8-47d7-8852-2c05ee1e865a,cdd3743b-e272-4b9e-add1-e0781ca90322,Kebbi,GPI,0.81,#8b5cf6,2025-12-20 14:50:09.568962,15
73435c12-9a09-49ae-9048-a11dea1f2db1,cdd3743b-e272-4b9e-add1-e0781ca90322,Sokoto,GPI,0.80,#8b5cf6,2025-12-20 14:50:09.568962,16
554e2cf8-c0a2-4ace-b585-546ef8e9b08f,cdd3743b-e272-4b9e-add1-e0781ca90322,Zamfara,GPI,0.76,#8b5cf6,2025-12-20 14:50:09.568962,17
626a5c44-9dfb-4a17-ba06-4202fd1bcb72,4dca7722-65f3-4344-b828-b0d4d7eae7b4,Government Schools,Amount (Naira),14831.00,#f97316,2025-12-20 14:51:56.850612,1
88a89138-8d5d-40c6-9d4f-bcae30d1d718,4dca7722-65f3-4344-b828-b0d4d7eae7b4,Private Schools,Amount (Naira),47886.00,#f97316,2025-12-20 14:51:56.850612,2
85d798ca-1b37-4c70-9ea2-ce145ca7d21b,6d942e68-a939-499b-b33d-2bd83f06cf59,Government Schools,Amount (Naira),32007.00,#f97316,2025-12-20 14:51:56.850612,1
37ee095f-fefa-4391-866e-51ffc39fbd02,6d942e68-a939-499b-b33d-2bd83f06cf59,Private Schools,Amount (Naira),85842.00,#f97316,2025-12-20 14:51:56.850612,2
c711a801-1d8a-4742-8201-a832043caae0,c8e14161-eabb-422f-8eec-9fa186cd9fdc,Oyo,Percentage,69.00,#10b981,2025-12-20 14:51:56.850612,1
9a7bbb76-16c2-4bed-b82d-12d50820f09c,c8e14161-eabb-422f-8eec-9fa186cd9fdc,Rivers,Percentage,48.00,#10b981,2025-12-20 14:51:56.850612,2
7a976963-a392-4b8f-a891-11232f10aa3c,c8e14161-eabb-422f-8eec-9fa186cd9fdc,Niger,Percentage,35.00,#10b981,2025-12-20 14:51:56.850612,3
d9a9fd01-1bf6-4335-b76f-89cad97573f0,c8e14161-eabb-422f-8eec-9fa186cd9fdc,Kaduna,Percentage,32.00,#10b981,2025-12-20 14:51:56.850612,4
f7222eb3-31b3-4ecb-97ba-391dcdeffc42,c8e14161-eabb-422f-8eec-9fa186cd9fdc,Ebonyi,Percentage,24.00,#10b981,2025-12-20 14:51:56.850612,5
36d89dea-988e-4060-aded-cbceb7550ac2,c8e14161-eabb-422f-8eec-9fa186cd9fdc,Adamawa,Percentage,18.00,#10b981,2025-12-20 14:51:56.850612,6
b4ab0f8b-22c4-4471-ab8e-2e8a1ec8a1bf,c8e14161-eabb-422f-8eec-9fa186cd9fdc,Gombe,Percentage,17.00,#10b981,2025-12-20 14:51:56.850612,7
38dbbe6f-f808-4313-aa0b-9126e1ebe4d1,c8e14161-eabb-422f-8eec-9fa186cd9fdc,Taraba,Percentage,15.00,#10b981,2025-12-20 14:51:56.850612,8
c72972e0-cf82-4fad-86a7-e8f897a67c89,c8e14161-eabb-422f-8eec-9fa186cd9fdc,Borno,Percentage,13.00,#10b981,2025-12-20 14:51:56.850612,9
d0cf8cb2-4f99-4411-a66f-10c6524ef6b1,c8e14161-eabb-422f-8eec-9fa186cd9fdc,Bauchi,Percentage,12.00,#10b981,2025-12-20 14:51:56.850612,10
7ca8ba59-4cb2-442e-8723-f4131f088604,c8e14161-eabb-422f-8eec-9fa186cd9fdc,Kano,Percentage,12.00,#10b981,2025-12-20 14:51:56.850612,11
edca9d76-eec5-4823-b445-77b6c6048ec5,c8e14161-eabb-422f-8eec-9fa186cd9fdc,Sokoto,Percentage,8.00,#10b981,2025-12-20 14:51:56.850612,12
80e2fecd-578c-42fd-89bb-250a282e8a65,c8e14161-eabb-422f-8eec-9fa186cd9fdc,Jigawa,Percentage,7.00,#10b981,2025-12-20 14:51:56.850612,13
a9f4cf87-2dba-4793-b966-e46c00f49f1a,c8e14161-eabb-422f-8eec-9fa186cd9fdc,Kebbi,Percentage,5.00,#10b981,2025-12-20 14:51:56.850612,14
6ea8fccd-060f-4154-856b-b4d2c748b47c,c8e14161-eabb-422f-8eec-9fa186cd9fdc,Katsina,Percentage,5.00,#10b981,2025-12-20 14:51:56.850612,15
6399477e-7dc4-42d6-a509-2ef4e67976f8,bb3419ef-cc2f-4c19-bf7c-2c0416640acf,Oyo,Percentage,75.00,#10b981,2025-12-20 14:51:56.850612,1
6211f8b8-4d73-458b-86b3-0a583487a44c,bb3419ef-cc2f-4c19-bf7c-2c0416640acf,Kaduna,Percentage,29.00,#10b981,2025-12-20 14:51:56.850612,2
9673d1df-1229-4e3c-a664-ee67a0883e55,bb3419ef-cc2f-4c19-bf7c-2c0416640acf,Niger,Percentage,26.00,#10b981,2025-12-20 14:51:56.850612,3
ebd9f888-a3bf-4b34-9364-982d8084ca63,bb3419ef-cc2f-4c19-bf7c-2c0416640acf,Rivers,Percentage,23.00,#10b981,2025-12-20 14:51:56.850612,4
a231e009-5d9d-4191-afe9-ffee7fb0a0b7,bb3419ef-cc2f-4c19-bf7c-2c0416640acf,Gombe,Percentage,21.00,#10b981,2025-12-20 14:51:56.850612,5
51f34dcc-9314-4e64-af65-69871a056b11,bb3419ef-cc2f-4c19-bf7c-2c0416640acf,Adamawa,Percentage,19.00,#10b981,2025-12-20 14:51:56.850612,6
bc62117d-dbad-4dc2-a08b-c07fa5900e98,bb3419ef-cc2f-4c19-bf7c-2c0416640acf,Kano,Percentage,18.00,#10b981,2025-12-20 14:51:56.850612,7
c9852761-9607-4dd4-9c20-c02c095c092d,bb3419ef-cc2f-4c19-bf7c-2c0416640acf,Borno,Percentage,17.00,#10b981,2025-12-20 14:51:56.850612,8
2b286cb6-0832-4649-b936-e6058764b521,bb3419ef-cc2f-4c19-bf7c-2c0416640acf,Bauchi,Percentage,15.00,#10b981,2025-12-20 14:51:56.850612,9
6a5c1869-bf14-48cd-8d5f-18aadb8b0cdb,bb3419ef-cc2f-4c19-bf7c-2c0416640acf,Sokoto,Percentage,14.00,#10b981,2025-12-20 14:51:56.850612,10
48e04d9a-9d0e-406d-b598-b2554d4b58f0,bb3419ef-cc2f-4c19-bf7c-2c0416640acf,Jigawa,Percentage,13.00,#10b981,2025-12-20 14:51:56.850612,11
04ba7ac8-487a-4ce2-a4b9-9884eb0b5813,bb3419ef-cc2f-4c19-bf7c-2c0416640acf,Kebbi,Percentage,12.00,#10b981,2025-12-20 14:51:56.850612,12
c8fc7b1b-9402-4203-815f-23fbb85902d2,bb3419ef-cc2f-4c19-bf7c-2c0416640acf,Katsina,Percentage,12.00,#10b981,2025-12-20 14:51:56.850612,13
0275d08b-7bc7-4de7-95fb-c97dedc663ba,bb3419ef-cc2f-4c19-bf7c-2c0416640acf,Zamfara,Percentage,8.00,#10b981,2025-12-20 14:51:56.850612,14
9adec1a1-d6f7-4392-8ff0-59d689a6a4f5,bb3419ef-cc2f-4c19-bf7c-2c0416640acf,Yobe,Percentage,7.00,#10b981,2025-12-20 14:51:56.850612,15
a5031bea-b5df-403f-88fd-1989467b0418,bb3419ef-cc2f-4c19-bf7c-2c0416640acf,Ebonyi,Percentage,3.00,#10b981,2025-12-20 14:51:56.850612,16
812864ac-36a8-4344-999f-42d2dd36bcd5,bb3419ef-cc2f-4c19-bf7c-2c0416640acf,Taraba,Percentage,3.00,#10b981,2025-12-20 14:51:56.850612,17
692d4c5f-cf43-47cb-ad9d-3d7c7d863322,1a326bcc-0bd1-4308-95a4-0a0e68de9469,Sokoto,Percentage,13.00,#ef4444,2025-12-20 15:05:46.251116,1
42da5550-a75a-4fbb-8e5c-b78a2b4a9935,1a326bcc-0bd1-4308-95a4-0a0e68de9469,Bauchi,Percentage,12.00,#ef4444,2025-12-20 15:05:46.251116,2
4182a4f8-b7e4-4d07-b103-630cfd90a114,1a326bcc-0bd1-4308-95a4-0a0e68de9469,Gombe,Percentage,12.00,#ef4444,2025-12-20 15:05:46.251116,3
e5040db9-f621-4fe3-ade5-26f9afc534f3,1a326bcc-0bd1-4308-95a4-0a0e68de9469,Jigawa,Percentage,12.00,#ef4444,2025-12-20 15:05:46.251116,4
a034431b-7e1a-47cc-8984-e290a5d8928b,1a326bcc-0bd1-4308-95a4-0a0e68de9469,Kano,Percentage,12.00,#ef4444,2025-12-20 15:05:46.251116,5
a2d0d496-066c-41d1-8f3b-265cd0e5577f,1a326bcc-0bd1-4308-95a4-0a0e68de9469,Katsina,Percentage,12.00,#ef4444,2025-12-20 15:05:46.251116,6
df156e1d-83d6-4b09-a830-4fd4c69b89ac,1a326bcc-0bd1-4308-95a4-0a0e68de9469,Kebbi,Percentage,12.00,#ef4444,2025-12-20 15:05:46.251116,7
9b8d24dd-4341-475b-b721-d52c566d942a,1a326bcc-0bd1-4308-95a4-0a0e68de9469,Taraba,Percentage,12.00,#ef4444,2025-12-20 15:05:46.251116,8
14334dcb-10eb-493a-ac8b-bffdd0f9bec4,1a326bcc-0bd1-4308-95a4-0a0e68de9469,Yobe,Percentage,12.00,#ef4444,2025-12-20 15:05:46.251116,9
78c2a22b-b1fd-4760-938c-5be2db30c25e,1a326bcc-0bd1-4308-95a4-0a0e68de9469,Zamfara,Percentage,12.00,#ef4444,2025-12-20 15:05:46.251116,10
a6334d29-44ff-4c60-815b-6fb3ad3a24ba,1a326bcc-0bd1-4308-95a4-0a0e68de9469,Borno,Percentage,11.00,#ef4444,2025-12-20 15:05:46.251116,11
3e77a7be-ea54-45fc-a9f5-3c7846ab340a,1a326bcc-0bd1-4308-95a4-0a0e68de9469,Niger,Percentage,11.00,#ef4444,2025-12-20 15:05:46.251116,12
d8e21296-ee92-49b0-8726-d35ac28e39e6,1a326bcc-0bd1-4308-95a4-0a0e68de9469,Ebonyi,Percentage,10.00,#ef4444,2025-12-20 15:05:46.251116,13
b81ca935-f4a3-4fcd-8d7f-6c60571116c5,1a326bcc-0bd1-4308-95a4-0a0e68de9469,Kaduna,Percentage,10.00,#ef4444,2025-12-20 15:05:46.251116,14
fc3a0b72-635f-4d92-a3de-41eb9573e510,1a326bcc-0bd1-4308-95a4-0a0e68de9469,Adamawa,Percentage,9.00,#ef4444,2025-12-20 15:05:46.251116,15
9dfd5143-3842-4324-9435-1ab991814622,1a326bcc-0bd1-4308-95a4-0a0e68de9469,Oyo,Percentage,9.00,#ef4444,2025-12-20 15:05:46.251116,16
6f274e04-7b4d-4010-afa6-481011f7ecc5,1a326bcc-0bd1-4308-95a4-0a0e68de9469,Rivers,Percentage,9.00,#ef4444,2025-12-20 15:05:46.251116,17
c11107cf-5ed6-41a3-a935-ac4e1c7a1fe1,d2d20dba-05dd-41e2-867a-81a346a52e26,Rivers,Percentage,10.00,#ef4444,2025-12-20 15:05:46.251116,1
0a30da7c-a4e3-48aa-b247-28649be58e14,d2d20dba-05dd-41e2-867a-81a346a52e26,Ebonyi,Percentage,8.00,#ef4444,2025-12-20 15:05:46.251116,2
eeba6503-182a-4704-b341-edda746a3430,d2d20dba-05dd-41e2-867a-81a346a52e26,Taraba,Percentage,7.00,#ef4444,2025-12-20 15:05:46.251116,3
b2e76912-27b4-4f10-be6b-f0d354485f5d,d2d20dba-05dd-41e2-867a-81a346a52e26,Katsina,Percentage,7.00,#ef4444,2025-12-20 15:05:46.251116,4
a59ad177-9d25-4e53-beeb-147f773d017c,d2d20dba-05dd-41e2-867a-81a346a52e26,Adamawa,Percentage,6.00,#ef4444,2025-12-20 15:05:46.251116,5
acb2c350-3974-4c2c-aa50-aa9807f4eb68,d2d20dba-05dd-41e2-867a-81a346a52e26,Kaduna,Percentage,5.00,#ef4444,2025-12-20 15:05:46.251116,6
aa576946-d7e0-4a50-9ac4-79385d6629f6,d2d20dba-05dd-41e2-867a-81a346a52e26,Kebbi,Percentage,5.00,#ef4444,2025-12-20 15:05:46.251116,7
5f98b9f4-a55d-42e4-b836-f7e1ca78832c,d2d20dba-05dd-41e2-867a-81a346a52e26,Niger,Percentage,5.00,#ef4444,2025-12-20 15:05:46.251116,8
915f7a11-b4c0-4ca0-a40a-d7862196e28e,d2d20dba-05dd-41e2-867a-81a346a52e26,Oyo,Percentage,5.00,#ef4444,2025-12-20 15:05:46.251116,9
947c1c3b-055f-4178-9570-959c946c969c,d2d20dba-05dd-41e2-867a-81a346a52e26,Yobe,Percentage,5.00,#ef4444,2025-12-20 15:05:46.251116,10
01498246-bf49-4efd-9e8d-f820e10e8e3b,d2d20dba-05dd-41e2-867a-81a346a52e26,Gombe,Percentage,4.00,#ef4444,2025-12-20 15:05:46.251116,11
0d10663d-d12c-4fab-81d5-ef01da9c7800,d2d20dba-05dd-41e2-867a-81a346a52e26,Jigawa,Percentage,4.00,#ef4444,2025-12-20 15:05:46.251116,12
c5f376b4-a605-4e0f-8907-6e33244fd772,d2d20dba-05dd-41e2-867a-81a346a52e26,Kano,Percentage,4.00,#ef4444,2025-12-20 15:05:46.251116,13
56eb2ce7-74a0-4eda-9b8e-df6b6a610039,d2d20dba-05dd-41e2-867a-81a346a52e26,Zamfara,Percentage,4.00,#ef4444,2025-12-20 15:05:46.251116,14
f0285f14-4510-47ed-9c98-ca84f2b49b45,d2d20dba-05dd-41e2-867a-81a346a52e26,Bauchi,Percentage,3.00,#ef4444,2025-12-20 15:05:46.251116,15
911b4b51-6e57-4b1b-b63a-469efa713084,d2d20dba-05dd-41e2-867a-81a346a52e26,Borno,Percentage,2.00,#ef4444,2025-12-20 15:05:46.251116,16
41f9ff38-17c5-40c6-a760-5cf6c23ea2e1,d2d20dba-05dd-41e2-867a-81a346a52e26,Sokoto,Percentage,2.00,#ef4444,2025-12-20 15:05:46.251116,17
2c9cbcb6-c104-4599-b65b-04153cb61752,817b8bf6-7e6d-46aa-b83e-428c8caa7400,Father Deceased Only,Percentage,60.00,#a855f7,2025-12-20 15:05:46.251116,1
6fb9f13f-fef5-44b8-a5a1-5276035480c6,817b8bf6-7e6d-46aa-b83e-428c8caa7400,Mother Deceased Only,Percentage,30.00,#a855f7,2025-12-20 15:05:46.251116,2
8fb23882-d8b8-4507-a778-b8678f4a79f5,817b8bf6-7e6d-46aa-b83e-428c8caa7400,Both Parents Deceased,Percentage,10.00,#a855f7,2025-12-20 15:05:46.251116,3
2c3dc800-8d5b-4d0b-bfde-f417d7c46821,0d441294-12c8-4d2e-9a0e-76fe0670177a,Rivers,Percentage,94.00,#3b82f6,2025-12-20 15:06:32.563409,1
da371ead-9cd3-4138-a809-2c993bfc7bb1,0d441294-12c8-4d2e-9a0e-76fe0670177a,Oyo,Percentage,93.00,#3b82f6,2025-12-20 15:06:32.563409,2
9e60caca-9fca-4625-8959-c429f63b04e1,0d441294-12c8-4d2e-9a0e-76fe0670177a,Ebonyi,Percentage,92.00,#3b82f6,2025-12-20 15:06:32.563409,3
6594b6a6-a077-4690-9a3f-ffd9b384ded2,0d441294-12c8-4d2e-9a0e-76fe0670177a,Borno,Percentage,87.00,#3b82f6,2025-12-20 15:06:32.563409,4
7e038178-8f38-4caf-bcd8-5b498306933d,0d441294-12c8-4d2e-9a0e-76fe0670177a,Niger,Percentage,86.00,#3b82f6,2025-12-20 15:06:32.563409,5
a6d9d868-f3e7-4191-88aa-9e22b946925a,0d441294-12c8-4d2e-9a0e-76fe0670177a,Kaduna,Percentage,85.00,#3b82f6,2025-12-20 15:06:32.563409,6
16aa37af-9465-4c39-800b-5313c5ff8beb,0d441294-12c8-4d2e-9a0e-76fe0670177a,Bauchi,Percentage,83.00,#3b82f6,2025-12-20 15:06:32.563409,7
6cef4a96-4c6b-4591-8192-c3a12b4c4b0b,0d441294-12c8-4d2e-9a0e-76fe0670177a,Gombe,Percentage,82.00,#3b82f6,2025-12-20 15:06:32.563409,8
b3ed9653-043a-4aba-bc96-01eb1e5f2079,0d441294-12c8-4d2e-9a0e-76fe0670177a,Adamawa,Percentage,80.00,#3b82f6,2025-12-20 15:06:32.563409,9
60f3c9ef-07dc-4fa1-86cf-30edf3e53a24,0d441294-12c8-4d2e-9a0e-76fe0670177a,Taraba,Percentage,79.00,#3b82f6,2025-12-20 15:06:32.563409,10
422427b2-4657-4b5c-b7a7-fa651a8ba1dd,0d441294-12c8-4d2e-9a0e-76fe0670177a,Kano,Percentage,75.00,#3b82f6,2025-12-20 15:06:32.563409,11
ae5bab90-e13a-4083-aaf6-07a514627612,0d441294-12c8-4d2e-9a0e-76fe0670177a,Yobe,Percentage,73.00,#3b82f6,2025-12-20 15:06:32.563409,12
b35b7faf-b63c-4187-b210-57f87fb76ca4,0d441294-12c8-4d2e-9a0e-76fe0670177a,Sokoto,Percentage,70.00,#3b82f6,2025-12-20 15:06:32.563409,13
1a2f6fcf-c4f6-415a-8ac7-15757252ef7d,0d441294-12c8-4d2e-9a0e-76fe0670177a,Katsina,Percentage,68.00,#3b82f6,2025-12-20 15:06:32.563409,14
f15916e2-2a41-4e5d-8b91-326778c81bc6,0d441294-12c8-4d2e-9a0e-76fe0670177a,Kebbi,Percentage,65.00,#3b82f6,2025-12-20 15:06:32.563409,15
ff59496a-3db4-4180-beb6-82fb19f4efb5,0d441294-12c8-4d2e-9a0e-76fe0670177a,Zamfara,Percentage,60.00,#3b82f6,2025-12-20 15:06:32.563409,16
b08e5455-901b-454d-8ea4-23875c81748d,0d441294-12c8-4d2e-9a0e-76fe0670177a,Jigawa,Percentage,50.00,#3b82f6,2025-12-20 15:06:32.563409,17
74b4b4c3-38c5-414e-8449-a1107539f5c9,7f46e089-792d-4adc-a061-5923bd01e1bc,Urban,Percentage,89.00,#3b82f6,2025-12-20 15:06:32.563409,1
2daf4996-ea22-4dbb-834e-af7adcf35efd,7f46e089-792d-4adc-a061-5923bd01e1bc,Rural,Percentage,78.00,#3b82f6,2025-12-20 15:06:32.563409,2
509b4537-1f81-4ebb-8fb0-3c54b8ca007b,c759a4cd-e9b3-4e86-903e-a3d3ddc7a889,In School,Percentage,69.00,#8b5cf6,2025-12-20 15:06:32.563409,1
b5020886-8f5b-4c6e-a002-88b4df994acd,c759a4cd-e9b3-4e86-903e-a3d3ddc7a889,Never Attended,Percentage,25.00,#8b5cf6,2025-12-20 15:06:32.563409,2
55691bbb-d343-4ac3-b941-89f10ae23478,c759a4cd-e9b3-4e86-903e-a3d3ddc7a889,Dropped Out,Percentage,6.00,#8b5cf6,2025-12-20 15:06:32.563409,3
c30ea404-148a-48e5-9ffe-9cb3c0b17bc7,a2bddb5b-1da4-4839-917b-ad2655b75b61,2018,Prevalence (%),1.50,#dc2626,2025-12-20 16:42:33.465821,1
708e3279-f1ad-4842-b173-787455500f73,295c02fc-50a0-4a3b-89b5-3cd42759b0ca,2018,Prevalence (%),1.40,#dc2626,2025-12-20 16:42:33.465821,1
2fda8fb0-2ec0-495a-91ea-d8a0c08fa376,ac325427-ed8e-41cc-9948-287817843e44,Men,Prevalence (%),1.10,#dc2626,2025-12-20 16:42:33.465821,1
6d4e7b64-225f-40ab-ab74-5fe8728deeb0,ac325427-ed8e-41cc-9948-287817843e44,Women,Prevalence (%),1.90,#dc2626,2025-12-20 16:42:33.465821,2
10395740-8851-46b1-aad3-ed5063647736,c012f37b-45b6-4ee9-bef2-7c68ebc15abc,Akwa Ibom,Prevalence (%),5.50,#dc2626,2025-12-20 16:42:33.465821,1
cc932dfb-cc40-431d-a513-1713b7471228,c012f37b-45b6-4ee9-bef2-7c68ebc15abc,Benue,Prevalence (%),3.80,#dc2626,2025-12-20 16:42:33.465821,2
c6363621-e635-40f1-a0cf-2467948ffe43,c012f37b-45b6-4ee9-bef2-7c68ebc15abc,Rivers,Prevalence (%),3.80,#dc2626,2025-12-20 16:42:33.465821,3
63162ad7-9363-418f-8b0e-9c8e08ddc8b2,c012f37b-45b6-4ee9-bef2-7c68ebc15abc,Cross River,Prevalence (%),3.50,#dc2626,2025-12-20 16:42:33.465821,4
84af3d22-9cd4-4593-8d83-5382152d7bc4,c012f37b-45b6-4ee9-bef2-7c68ebc15abc,Imo,Prevalence (%),2.80,#dc2626,2025-12-20 16:42:33.465821,5
57d00cc3-de1a-4d30-af05-383465db8673,c012f37b-45b6-4ee9-bef2-7c68ebc15abc,Bayelsa,Prevalence (%),2.50,#dc2626,2025-12-20 16:42:33.465821,6
253c2ad6-fe19-4788-ab2c-18646a13a46d,c012f37b-45b6-4ee9-bef2-7c68ebc15abc,Abia,Prevalence (%),2.40,#dc2626,2025-12-20 16:42:33.465821,7
a1915a77-f837-4648-a7ca-e9d392bcc7b2,c012f37b-45b6-4ee9-bef2-7c68ebc15abc,Ebonyi,Prevalence (%),2.20,#dc2626,2025-12-20 16:42:33.465821,8
9b230049-9451-4446-ba9e-8dff38eb6048,c012f37b-45b6-4ee9-bef2-7c68ebc15abc,Edo,Prevalence (%),2.10,#dc2626,2025-12-20 16:42:33.465821,9
4a07c405-524f-4837-8f6a-8588c2a23834,c012f37b-45b6-4ee9-bef2-7c68ebc15abc,Nasarawa,Prevalence (%),2.00,#dc2626,2025-12-20 16:42:33.465821,10
dd0a3f01-e817-40a0-893a-f054bfe3db33,c012f37b-45b6-4ee9-bef2-7c68ebc15abc,Niger,Prevalence (%),2.00,#dc2626,2025-12-20 16:42:33.465821,11
757d6193-3968-4b28-9065-553fb86c045a,c012f37b-45b6-4ee9-bef2-7c68ebc15abc,Anambra,Prevalence (%),1.90,#dc2626,2025-12-20 16:42:33.465821,12
b995a57a-9d19-4461-b025-426f5afbda3e,c012f37b-45b6-4ee9-bef2-7c68ebc15abc,Delta,Prevalence (%),1.90,#dc2626,2025-12-20 16:42:33.465821,13
9577fc0a-f99f-4656-b8d9-c7d5e89e798f,c012f37b-45b6-4ee9-bef2-7c68ebc15abc,Kaduna,Prevalence (%),1.90,#dc2626,2025-12-20 16:42:33.465821,14
582b655b-7cff-4015-9316-bc3a38dd3354,c012f37b-45b6-4ee9-bef2-7c68ebc15abc,Taraba,Prevalence (%),1.60,#dc2626,2025-12-20 16:42:33.465821,15
9c18c59c-9493-4777-998e-81825d14862a,c012f37b-45b6-4ee9-bef2-7c68ebc15abc,FCT,Prevalence (%),1.50,#dc2626,2025-12-20 16:42:33.465821,16
d8e64afd-501f-46b3-87cb-bb9e28d2367e,c012f37b-45b6-4ee9-bef2-7c68ebc15abc,Kogi,Prevalence (%),1.50,#dc2626,2025-12-20 16:42:33.465821,17
2cd53fba-0ce7-402e-8a04-8de6b6b4e523,c012f37b-45b6-4ee9-bef2-7c68ebc15abc,Lagos,Prevalence (%),1.40,#dc2626,2025-12-20 16:42:33.465821,18
47f6b369-ddb6-42fe-9fbc-d101c29a951b,c012f37b-45b6-4ee9-bef2-7c68ebc15abc,Osun,Prevalence (%),1.40,#dc2626,2025-12-20 16:42:33.465821,19
226239d3-301a-4003-a080-dc8d479aa895,c012f37b-45b6-4ee9-bef2-7c68ebc15abc,Ondo,Prevalence (%),1.30,#dc2626,2025-12-20 16:42:33.465821,20
e9386d04-4983-42e1-9114-0ac6bb83586c,c012f37b-45b6-4ee9-bef2-7c68ebc15abc,Enugu,Prevalence (%),1.20,#dc2626,2025-12-20 16:42:33.465821,21
9f1da1c9-ff75-4aff-9dfd-55f4806a8349,c012f37b-45b6-4ee9-bef2-7c68ebc15abc,Ogun,Prevalence (%),1.10,#dc2626,2025-12-20 16:42:33.465821,22
368d219b-ac11-41cf-adc0-8855fed75585,c012f37b-45b6-4ee9-bef2-7c68ebc15abc,Plateau,Prevalence (%),1.10,#dc2626,2025-12-20 16:42:33.465821,23
e9746ae0-698d-4eb1-a28e-a1bfc59c4bfb,c012f37b-45b6-4ee9-bef2-7c68ebc15abc,Borno,Prevalence (%),1.10,#dc2626,2025-12-20 16:42:33.465821,24
2b9a08be-4878-425b-9668-87c39f04e93d,c012f37b-45b6-4ee9-bef2-7c68ebc15abc,Oyo,Prevalence (%),0.90,#dc2626,2025-12-20 16:42:33.465821,25
4039315f-1966-4c3e-a317-77e94362b069,c012f37b-45b6-4ee9-bef2-7c68ebc15abc,Adamawa,Prevalence (%),0.90,#dc2626,2025-12-20 16:42:33.465821,26
dbcffca2-588d-48be-861d-192ab060ce14,c012f37b-45b6-4ee9-bef2-7c68ebc15abc,Kwara,Prevalence (%),0.90,#dc2626,2025-12-20 16:42:33.465821,27
42a82943-808b-44ef-897f-fd0e815b1b53,c012f37b-45b6-4ee9-bef2-7c68ebc15abc,Kano,Prevalence (%),0.80,#dc2626,2025-12-20 16:42:33.465821,28
089b08d4-be30-46b9-a988-2b758b77ef71,c012f37b-45b6-4ee9-bef2-7c68ebc15abc,Gombe,Prevalence (%),0.70,#dc2626,2025-12-20 16:42:33.465821,29
e50cc0e2-e93d-4584-974f-87296df31e6b,c012f37b-45b6-4ee9-bef2-7c68ebc15abc,Yobe,Prevalence (%),0.70,#dc2626,2025-12-20 16:42:33.465821,30
67ca9d6f-5d7e-46f2-957a-1149fc71136d,c012f37b-45b6-4ee9-bef2-7c68ebc15abc,Bauchi,Prevalence (%),0.60,#dc2626,2025-12-20 16:42:33.465821,31
e0c3a345-1b98-4470-8f0f-7224846f4f99,c012f37b-45b6-4ee9-bef2-7c68ebc15abc,Kebbi,Prevalence (%),0.50,#dc2626,2025-12-20 16:42:33.465821,32
2e9a4074-5353-453d-98ef-1e010307318e,c012f37b-45b6-4ee9-bef2-7c68ebc15abc,Katsina,Prevalence (%),0.40,#dc2626,2025-12-20 16:42:33.465821,33
2aebdae1-1dcf-46cc-859b-a57baeca7ede,c012f37b-45b6-4ee9-bef2-7c68ebc15abc,Jigawa,Prevalence (%),0.40,#dc2626,2025-12-20 16:42:33.465821,34
8be492de-d40c-4930-b161-a3d66fb26369,c012f37b-45b6-4ee9-bef2-7c68ebc15abc,Sokoto,Prevalence (%),0.30,#dc2626,2025-12-20 16:42:33.465821,35
ae7b4504-2e3b-4c20-bd7c-b602c0a20faa,c012f37b-45b6-4ee9-bef2-7c68ebc15abc,Zamfara,Prevalence (%),0.20,#dc2626,2025-12-20 16:42:33.465821,36
509912f0-6613-4568-b539-0b439d261ce4,a34a7ddd-5bf9-46cc-89e4-a603bc31a3fc,South South,Prevalence (%),3.10,#dc2626,2025-12-20 16:42:33.465821,1
e606f9d2-7591-4d05-987e-97171d8ba35a,a34a7ddd-5bf9-46cc-89e4-a603bc31a3fc,South East,Prevalence (%),1.90,#dc2626,2025-12-20 16:42:33.465821,2
d33b8484-048c-4bc2-ba5a-c42daa1aacd4,a34a7ddd-5bf9-46cc-89e4-a603bc31a3fc,North Central,Prevalence (%),1.70,#dc2626,2025-12-20 16:42:33.465821,3
a4ac9f8f-1bcf-478d-a2d5-c073548056a4,a34a7ddd-5bf9-46cc-89e4-a603bc31a3fc,South West,Prevalence (%),1.10,#dc2626,2025-12-20 16:42:33.465821,4
34de48a1-a7b1-495e-a7cd-0bfec0d702d8,a34a7ddd-5bf9-46cc-89e4-a603bc31a3fc,North East,Prevalence (%),0.90,#dc2626,2025-12-20 16:42:33.465821,5
82e5ce4e-fa7d-41ca-8928-12eefbe7fb67,a34a7ddd-5bf9-46cc-89e4-a603bc31a3fc,North West,Prevalence (%),0.60,#dc2626,2025-12-20 16:42:33.465821,6
a6246e93-2fda-449a-a741-bb0dea0e461c,0d561a4c-ecd7-4380-9aca-2fa54497d3f0,15-19,Prevalence (%),0.40,#dc2626,2025-12-20 16:42:33.465821,1
d4c9ae7d-150f-45ad-98a0-2334ebc6715e,0d561a4c-ecd7-4380-9aca-2fa54497d3f0,20-24,Prevalence (%),0.90,#dc2626,2025-12-20 16:42:33.465821,2
3b04a9af-0aea-4b17-b4c2-c7b08ed043eb,0d561a4c-ecd7-4380-9aca-2fa54497d3f0,25-29,Prevalence (%),1.50,#dc2626,2025-12-20 16:42:33.465821,3
322ede44-d20b-4d9d-a539-86a755ea1ee7,0d561a4c-ecd7-4380-9aca-2fa54497d3f0,30-34,Prevalence (%),2.10,#dc2626,2025-12-20 16:42:33.465821,4
d75eb250-9d07-46b7-90ce-6d19a0fe1577,0d561a4c-ecd7-4380-9aca-2fa54497d3f0,35-39,Prevalence (%),2.40,#dc2626,2025-12-20 16:42:33.465821,5
dcd5f6bf-2956-4382-bee2-b496da0a1614,0d561a4c-ecd7-4380-9aca-2fa54497d3f0,40-44,Prevalence (%),2.30,#dc2626,2025-12-20 16:42:33.465821,6
08fc3e01-d481-4a76-94e9-a0dd1936b1a5,0d561a4c-ecd7-4380-9aca-2fa54497d3f0,45-49,Prevalence (%),2.00,#dc2626,2025-12-20 16:42:33.465821,7
3cd3c968-5dff-4720-82a3-34137c8079d3,0d561a4c-ecd7-4380-9aca-2fa54497d3f0,50-54,Prevalence (%),1.80,#dc2626,2025-12-20 16:42:33.465821,8
0703e5bf-01e4-4901-8840-4fd94e803743,0d561a4c-ecd7-4380-9aca-2fa54497d3f0,55-59,Prevalence (%),1.50,#dc2626,2025-12-20 16:42:33.465821,9
331632e1-d80a-4182-8160-fdbb8e3db544,0d561a4c-ecd7-4380-9aca-2fa54497d3f0,60-64,Prevalence (%),1.10,#dc2626,2025-12-20 16:42:33.465821,10
9b3e948d-bd2f-47bf-9254-7a708f9a3be4,0d271d14-89b8-4a62-8abb-f11c7dd61cee,Adults 15-64,Percentage,67.10,#16a34a,2025-12-20 17:15:37.033541,1
6112a648-0d63-4fd4-857c-0066d4ac749e,848b2869-04a5-463b-8f5b-4ed15691a44e,Of those who know status,Percentage,82.70,#16a34a,2025-12-20 17:15:37.033541,1
ce1d5687-9a63-490e-97a2-fe90f7aa8fbb,5477ce39-e89e-45a0-8010-09fda883a976,Of those on ART,Percentage,92.30,#16a34a,2025-12-20 17:15:37.033541,1
e742797e-6f56-4e8f-9772-d7f3addeb125,93ac4e61-8a0c-4385-96f7-6e52f5e18b83,All HIV+ Adults,Percentage,51.00,#16a34a,2025-12-20 17:15:37.033541,1
b6c82aa8-ccc5-4299-893f-df9e296d9519,94b4e789-324a-448d-858d-10177eda856e,Women,Percentage,42.00,#3b82f6,2025-12-20 17:22:15.98729,1
cb9e4327-419c-4beb-9e68-88292b19263f,94b4e789-324a-448d-858d-10177eda856e,Men,Percentage,27.00,#3b82f6,2025-12-20 17:22:15.98729,2
25da5de1-2224-4e15-b513-2b69418eef1e,ff37172a-ac85-4564-9d11-04f850febaf9,Women,Percentage,24.00,#3b82f6,2025-12-20 17:22:15.98729,1
99e14028-9353-48e4-8f08-4c193b43f64c,ff37172a-ac85-4564-9d11-04f850febaf9,Men,Percentage,12.00,#3b82f6,2025-12-20 17:22:15.98729,2
ee1e6299-5620-4a42-bcfd-82af9c4d483d,8ddbbf71-3ef9-4fce-83b1-ccf85f0a7e16,Of those tested,Percentage,97.00,#3b82f6,2025-12-20 17:22:15.98729,1
b8da3922-1c89-4b42-907f-0404e30bd31b,9f32ab84-e1c4-4c8a-802c-1cd3e4a6d9e2,Urban,Percentage,75.00,#3b82f6,2025-12-20 17:22:15.98729,1
8dd9a017-1029-43b6-bc65-8b2d2eb3b2f3,9f32ab84-e1c4-4c8a-802c-1cd3e4a6d9e2,Rural,Percentage,62.00,#3b82f6,2025-12-20 17:22:15.98729,2
1e12a7f3-d659-451a-96cb-c5074856d5e9,7a3c7c0c-4e34-4043-b170-50e9439c7ad5,Urban,Percentage,82.00,#8b5cf6,2025-12-20 17:26:40.689501,1
9ecc4cf0-efe0-4c1f-afd8-4e1cfed67c68,7a3c7c0c-4e34-4043-b170-50e9439c7ad5,Rural,Percentage,71.00,#8b5cf6,2025-12-20 17:26:40.689501,2
98faa201-2a35-4c47-8640-d51e9e8b008d,b528f676-0ba8-478c-bc1b-f29e37f80567,For PMTCT,Percentage,89.00,#8b5cf6,2025-12-20 17:26:40.689501,1
c28eb482-0c0f-49ed-8bc7-d119730b0085,0d631a00-758e-4931-86a8-f957a355eefb,Early Infant Diagnosis,Percentage,45.00,#8b5cf6,2025-12-20 17:26:40.689501,1
81c68f29-c8f9-4c17-bc65-191f6a2163d8,34798c9e-486c-4068-acf1-f654e886d3cf,MTCT Rate,Percentage,8.00,#8b5cf6,2025-12-20 17:26:40.689501,1
140b3d33-7cd1-4995-a6ef-f56a83365a03,e3222380-6551-4021-bb16-364458922512,Men,Incidence (%),0.05,#f97316,2025-12-20 17:51:23.384412,1
9cbef840-4374-42b3-a635-aeb9d4940863,e3222380-6551-4021-bb16-364458922512,Women,Incidence (%),0.11,#f97316,2025-12-20 17:51:23.384412,2
1cf9e149-1faa-468f-b0fa-52f06d74d63b,fc84cc07-dddb-4626-9395-a72a4d2704ac,15-19,Incidence (%),0.04,#f97316,2025-12-20 17:51:23.384412,1
ba8cecc8-2d57-4072-9563-0eb277157f70,fc84cc07-dddb-4626-9395-a72a4d2704ac,20-24,Incidence (%),0.04,#f97316,2025-12-20 17:51:23.384412,2
54c5d6d5-7b64-4d0f-b563-f33e3ba489aa,fc84cc07-dddb-4626-9395-a72a4d2704ac,25-29,Incidence (%),0.09,#f97316,2025-12-20 17:51:23.384412,3
210214e9-7c60-44f8-8d71-c870e3b421db,fc84cc07-dddb-4626-9395-a72a4d2704ac,30-34,Incidence (%),0.10,#f97316,2025-12-20 17:51:23.384412,4
d81ed774-68e3-4441-a4ef-44c784f09d2f,fc84cc07-dddb-4626-9395-a72a4d2704ac,35-39,Incidence (%),0.11,#f97316,2025-12-20 17:51:23.384412,5
ac6d0b34-4d72-4f8f-993c-94c65b3f5a29,fc84cc07-dddb-4626-9395-a72a4d2704ac,40-44,Incidence (%),0.09,#f97316,2025-12-20 17:51:23.384412,6
c45d1f0a-2fc0-451e-a874-a99a9a2d476a,fc84cc07-dddb-4626-9395-a72a4d2704ac,45-49,Incidence (%),0.07,#f97316,2025-12-20 17:51:23.384412,7
397efa1b-e893-47f8-91fb-a10ec7809d09,fc84cc07-dddb-4626-9395-a72a4d2704ac,50-64,Incidence (%),0.05,#f97316,2025-12-20 17:51:23.384412,8
e70ff482-56f5-4ba3-8cf5-45768131df13,8c596c68-8be5-432d-a99c-ff436dd30e55,National,Incidence (%),8.00,#f97316,2025-12-20 17:51:23.384412,1
dcb361a1-e573-48c2-8080-a56ed1dafdb2,8c596c68-8be5-432d-a99c-ff436dd30e55,Women,Incidence (%),11.00,#f97316,2025-12-20 17:51:23.384412,2
8b6b2372-8020-4aa9-8d04-f45f77f66af6,8c596c68-8be5-432d-a99c-ff436dd30e55,Men,Incidence (%),5.00,#f97316,2025-12-20 17:51:23.384412,3
0e737229-8bf5-4693-9bc6-c56423229b05,f31f7377-fe6e-4ae0-85fc-49e636cbb658,Ever visited TB clinic,Percentage,65.00,#14b8a6,2025-12-20 17:52:48.81894,1
94fc80af-4ff0-4e93-95da-9519780a0ed1,1eddf9dc-ea39-45aa-91ce-a2e8fb6c688b,Diagnosed with TB,Percentage,40.40,#14b8a6,2025-12-20 17:52:48.81894,1
ae2b57e3-31b9-41c2-9c56-ba4b99bf2961,c5129e63-36b3-44a3-a525-aa7e8887ecf6,Completed TB treatment,Percentage,98.80,#14b8a6,2025-12-20 17:52:48.81894,1
a7e3433b-ec3e-4fc8-9f02-be3bdc74d211,4266b007-7ce3-45e2-bd48-c74f65cce338,General population,Percentage,8.10,#14b8a6,2025-12-20 17:52:48.81894,1
e6be3a95-b637-4d40-a724-2df86c6cd1f5,4266b007-7ce3-45e2-bd48-c74f65cce338,HIV-positive,Percentage,11.20,#14b8a6,2025-12-20 17:52:48.81894,2
77cdf627-dd00-4ff4-bed1-270163e94ce2,4266b007-7ce3-45e2-bd48-c74f65cce338,HIV-negative,Percentage,7.90,#14b8a6,2025-12-20 17:52:48.81894,3
86f9a36f-785f-4c94-ad8e-ea69c872495e,4d3caa7d-3872-4acf-b837-faf53d127968,PLHIV with HBV,Percentage,11.20,#14b8a6,2025-12-20 17:52:48.81894,1
fc2fd7e3-725a-43e8-afb0-d1cb06c4a19d,a6d2d6e1-e350-4af4-b963-3a8ca67dc4d9,General population,Percentage,1.10,#14b8a6,2025-12-20 17:52:48.81894,1
48f19013-98cb-4c12-8429-e46387c20d42,a6d2d6e1-e350-4af4-b963-3a8ca67dc4d9,HIV-positive,Percentage,2.70,#14b8a6,2025-12-20 17:52:48.81894,2
6b3d304e-edc7-4ac3-b194-6550264c602b,a6d2d6e1-e350-4af4-b963-3a8ca67dc4d9,HIV-negative,Percentage,1.00,#14b8a6,2025-12-20 17:52:48.81894,3
c98d2f34-3abd-4aa7-9c67-95bbb0970aae,ca0eeab5-bc13-4b31-a24b-691264c51fe1,PLHIV with HCV,Percentage,2.70,#14b8a6,2025-12-20 17:52:48.81894,1
47806ffe-996d-431c-833c-8e036e22ae7b,572fba1c-8bf6-4669-89df-7ef0e9d227f1,Men,Percentage,42.00,#f59e0b,2025-12-20 17:54:39.305216,1
4ffa4d22-8961-4079-bf88-e1da4d75acc7,572fba1c-8bf6-4669-89df-7ef0e9d227f1,Women,Percentage,35.00,#f59e0b,2025-12-20 17:54:39.305216,2
06053b91-e679-400a-a9d5-080f87adfa78,1d9358c4-7b66-4322-a0ac-209a94b6535f,Adults 15-49,Percentage,54.00,#f59e0b,2025-12-20 17:54:39.305216,1
512040c6-8c53-42dd-9310-b6405d8c76a4,1d9358c4-7b66-4322-a0ac-209a94b6535f,Urban,Percentage,62.00,#f59e0b,2025-12-20 17:54:39.305216,2
797cfd93-7949-4efd-85bb-2879b7174623,1d9358c4-7b66-4322-a0ac-209a94b6535f,Rural,Percentage,47.00,#f59e0b,2025-12-20 17:54:39.305216,3
ad656dcf-d090-4ad6-82e5-935ba68305ad,9bd3fc92-ec9f-47f4-8c37-2ab7b591bf14,Know prevention methods,Percentage,28.00,#f59e0b,2025-12-20 17:54:39.305216,1
cdae572d-6601-4bef-83fc-e476c61dd8f4,69677950-2a18-4d3c-a007-855b321f8b7d,Know prevention methods,Percentage,24.00,#f59e0b,2025-12-20 17:54:39.305216,1
7462aa71-a994-4a9c-ba09-df308e0c86dd,63388ae6-0b08-42e3-8cb5-f72a8c49b301,Mosquito transmission,Percentage,65.00,#f59e0b,2025-12-20 17:54:39.305216,1
eefd808d-3d67-47a9-8979-5d9f10f7316e,63388ae6-0b08-42e3-8cb5-f72a8c49b301,Sharing food,Percentage,58.00,#f59e0b,2025-12-20 17:54:39.305216,2
6700ad31-230b-4356-89ad-ddfd457d35e4,63388ae6-0b08-42e3-8cb5-f72a8c49b301,Supernatural means,Percentage,42.00,#f59e0b,2025-12-20 17:54:39.305216,3
041b94c3-d387-4780-a299-f40f5cfad46b,f6fffec5-2f08-40f1-99d7-362e53280d57,Women,Percentage,72.00,#f59e0b,2025-12-20 17:54:39.305216,1
0a7fa831-f0eb-4673-8160-2f3bea0f31a1,f6fffec5-2f08-40f1-99d7-362e53280d57,Men,Percentage,64.00,#f59e0b,2025-12-20 17:54:39.305216,2
9c73a117-8ffb-43b7-90c0-0d7f5e7252f6,61989e8b-a028-4c25-938d-6e0371ccdbf9,2015,Total,4.90,,2025-12-21 11:22:30.953173,1
e9a3f17a-ed35-4181-94f5-25fa74f73241,2f7155bb-a7b7-458e-8a65-6fc0d2e5c065,2015,Total,30.90,,2025-12-21 11:25:56.570478,1
86012748-aca6-41fb-98ac-1e82c102929b,7f1c98cf-b024-4c7a-8c04-3304d2168139,2015,Total,71.30,,2025-12-21 11:25:56.570478,1
f4646a2f-fb7d-4a6d-8026-7e616b5e1696,26c676ed-a80f-431b-90e5-e9a4f0e08a5d,2015,Total,14.60,,2025-12-21 11:25:56.570478,1
50257ebe-c793-4f1c-b56f-2e18e9d5be22,7e079216-8d07-43d2-bc04-ee11d395e116,2021,Total,41.00,,2025-12-21 20:57:38.846122,1
91f7b153-f062-4092-a0df-eab8a27be3f0,a7ae8368-2dd9-4bee-a7e4-a471d758665c,2021,Total,50.00,,2025-12-21 20:57:38.846122,1
